Rk,Player,Squad,Gls,Sh,SoT,SoT%,Sh/90,SoT/90,G/Sh,G/SoT,Dist,FK,PK,PKatt,xG,npxG,npxG/Sh,G-xG,np:G-xG
1,Pape Abou Cisse,Olympiacos ,0,5,0,0,1,0,0,,20.5,1,0,0,0.4,0.4,0.08,-0.4,-0.4
2,Tammy Abraham,Chelsea ,1,6,2,33.3,2.33,0.78,0.17,0.5,11.3,0,0,0,0.9,0.9,0.15,0.1,0.1
3,Francesco Acerbi,Lazio ,0,3,1,33.3,0.5,0.17,0,0,14.8,0,0,0,0.2,0.2,0.06,-0.2,-0.2
4,Marcos Acuña,Sevilla ,0,0,0,,0,0,,,,0,0,0,0,0,,0,0
5,Tyler Adams,RB Leipzig,0,0,0,,0,0,,,,0,0,0,0,0,,0,0
6,Karim Adeyemi,RB Salzburg,1,2,1,50,3.4,1.7,0.5,1,15.9,0,0,0,0.6,0.6,0.28,0.4,0.4
7,Adrián,Liverpool ,0,0,0,,0,0,,,,0,0,0,0,0,,0,0
8,Nayef Aguerd,Rennes ,0,3,0,0,0.98,0,0,,18.6,0,0,0,0.1,0.1,0.03,-0.1,-0.1
9,Sergio Agüero,Manchester City,2,1,1,100,0.86,0.86,1,1,3,0,1,1,1.4,0.7,0.66,0.6,0.3
10,Manuel Akanji,Dortmund ,0,2,1,50,0.5,0.25,0,0,20.1,1,0,0,0.1,0.1,0.07,-0.1,-0.1
11,Marley Aké,Marseille ,0,1,0,0,2.31,0,0,,4.1,0,0,0,0.1,0.1,0.09,-0.1,-0.1
12,Nathan Aké,Manchester City,0,1,1,100,0.5,0.5,0,0,7,0,0,0,0.1,0.1,0.15,-0.1,-0.1
13,Jean-Daniel Akpa-Akpro,Lazio ,1,3,1,33.3,0.99,0.33,0.33,1,13.8,0,0,0,0.4,0.4,0.13,0.6,0.6
14,David Alaba,Bayern Munich,0,0,0,,0,0,,,,0,0,0,0,0,,0,0
15,Jordi Alba,Barcelona ,0,1,0,0,0.3,0,0,,14.9,0,0,0,0.1,0.1,0.06,-0.1,-0.1
16,Luis Alberto,Lazio ,0,5,3,60,1.4,0.84,0,0,20.4,0,0,0,0.4,0.4,0.08,-0.4,-0.4
17,Danijel Aleksi?,Ba?ak?ehir ,0,4,2,50,3.33,1.67,0,0,22.4,1,0,0,0.1,0.1,0.03,-0.1,-0.1
18,Carles Aleñá,Barcelona ,0,3,0,0,2.18,0,0,,24.7,0,0,0,0.1,0.1,0.02,-0.1,-0.1
19,Trent Alexander-Arnold,Liverpool ,0,0,0,,0,0,,,,0,0,0,0,0,,0,0
20,Hasan Ali Kald?r?m,Ba?ak?ehir ,0,0,0,,0,0,,,,0,0,0,0,0,,0,0
21,Alisson,Liverpool ,0,0,0,,0,0,,,,0,0,0,0,0,,0,0
22,Éder Álvarez Balanta,Club Brugge,0,0,0,,0,0,,,,0,0,0,0,0,,0,0
23,Edson Álvarez,Ajax ,0,0,0,,0,0,,,,0,0,0,0,0,,0,0
24,Jordan Amavi,Marseille ,0,1,0,0,0.2,0,0,,32.4,0,0,0,0,0,0.01,0,0
25,Mikkel Andersen,Midtjylland ,0,0,0,,0,0,,,,0,0,0,0,0,,0,0
26,Felipe Anderson,Porto ,0,0,0,,0,0,,,,0,0,0,0,0,,0,0
27,Mikael Anderson,Midtjylland ,0,4,1,25,2.13,0.53,0,0,20.2,0,0,0,0.1,0.1,0.03,-0.1,-0.1
28,Joel Andersson,Midtjylland ,0,0,0,,0,0,,,,0,0,0,0,0,,0,0
29,Oleksandr Andriyevskyi,Dynamo Kyiv,0,0,0,,0,0,,,,0,0,0,0,0,,0,0
30,Angeliño,RB Leipzig,3,9,5,55.6,1.51,0.84,0.33,0.6,14.6,0,0,0,1.3,1.3,0.14,1.7,1.7
31,Faustino Anjorin,Chelsea ,0,2,0,0,2.28,0,0,,14.2,0,0,0,0.1,0.1,0.06,-0.1,-0.1
32,Marcos Antônio,Shakhtar ,0,1,1,100,0.37,0.37,0,0,27.1,0,0,0,0,0,0.04,0,0
33,Antony,Ajax ,1,9,7,77.8,2.26,1.76,0.11,0.14,19.7,0,0,0,0.7,0.7,0.07,0.3,0.3
34,Youssef El-Arabi,Olympiacos ,0,7,3,42.9,1.49,0.64,0,0,13.3,0,0,0,0.8,0.8,0.12,-0.8,-0.8
35,Ronald Araújo,Barcelona ,0,0,0,,0,0,,,,0,0,0,0,0,,0,0
36,Ari,Krasnodar ,0,2,1,50,7.2,3.6,0,0,13.7,0,0,0,0.2,0.2,0.08,-0.2,-0.2
37,Bright Arrey-Mbi,Bayern Munich,0,0,0,,0,0,,,,0,0,0,0,0,,0,0
38,Sergio Arribas,Real Madrid,0,0,0,,0,0,,,,0,0,0,0,0,,0,0
39,Kepa Arrizabalaga,Chelsea ,0,0,0,,0,0,,,,0,0,0,0,0,,0,0
40,Marco Asensio,Real Madrid,0,12,6,50,3.15,1.57,0,0,16.2,0,0,0,1,1,0.08,-1,-1
41,Majeed Ashimeru,RB Salzburg,0,0,0,,0,0,,,,0,0,0,0,0,,0,0
42,Sardar Azmoun,Zenit ,0,8,1,12.5,2.5,0.31,0,0,11.4,0,0,0,0.8,0.8,0.11,-0.8,-0.8
43,César Azpilicueta,Chelsea ,0,2,0,0,0.5,0,0,,8.2,0,0,0,0.1,0.1,0.03,-0.1,-0.1
44,Demba Ba,Ba?ak?ehir ,1,9,3,33.3,2.46,0.82,0.11,0.33,19.4,0,0,0,1,1,0.11,0,0
45,Ousseynou Ba,Olympiacos ,0,0,0,,0,0,,,,0,0,0,0,0,,0,0
46,Youssouph Badji,Club Brugge,0,0,0,,0,0,,,,0,0,0,0,0,,0,0
47,Mitchel Bakker,Paris S-G,0,2,1,50,0.77,0.39,0,0,11.2,0,0,0,0.3,0.3,0.13,-0.3,-0.3
48,Leonardo Balerdi,Marseille ,0,1,0,0,0.36,0,0,,14.3,0,0,0,0,0,0.03,0,0
49,Tudor B?lu??,Dynamo Kyiv,0,0,0,,0,0,,,,0,0,0,0,0,,0,0
50,Nicolò Barella,Inter ,0,4,0,0,0.68,0,0,,16.8,0,0,0,0.3,0.3,0.08,-0.3,-0.3
51,Romário Baró,Porto ,0,0,0,,0,0,,,,0,0,0,0,0,,0,0
52,Wílmar Barrios,Zenit ,0,1,0,0,0.18,0,0,,31.1,0,0,0,0,0,0.01,0,0
53,Alessandro Bastoni,Inter ,0,2,0,0,0.44,0,0,,16.9,0,0,0,0.1,0.1,0.04,-0.1,-0.1
54,Roko Baturina,Ferencváros ,0,1,1,100,2.37,2.37,0,0,8,0,0,0,0.2,0.2,0.18,-0.2,-0.2
55,Donny van de Beek,Manchester Utd,0,1,0,0,0.32,0,0,,13.6,0,0,0,0.1,0.1,0.05,-0.1,-0.1
56,Jude Bellingham,Dortmund ,0,6,1,16.7,1.6,0.27,0,0,19.5,0,0,0,0.5,0.5,0.08,-0.5,-0.5
57,Darío Benedetto,Marseille ,0,5,1,20,1.74,0.35,0,0,16,0,0,0,0.7,0.7,0.14,-0.7,-0.7
58,László Bénes,M'Gladbach ,0,0,0,,0,0,,,,0,0,0,0,0,,0,0
59,Ramy Bensebaini,M'Gladbach ,2,3,1,33.3,1,0.33,0.33,1,14.5,1,1,1,1.1,0.3,0.11,0.9,0.7
60,Rodrigo Bentancur,Juventus ,0,4,1,25,0.94,0.24,0,0,22,0,0,0,0.1,0.1,0.03,-0.1,-0.1
61,Karim Benzema,Real Madrid,4,19,10,52.6,4.37,2.3,0.21,0.4,10.9,0,0,0,3.2,3.2,0.17,0.8,0.8
62,Marcus Berg,Krasnodar ,2,9,4,44.4,1.59,0.71,0.11,0.25,13.4,0,1,1,2.6,1.8,0.2,-0.6,-0.8
63,Mergim Berisha,RB Salzburg,4,17,9,52.9,3.24,1.72,0.24,0.44,15.1,1,0,0,3.1,3.1,0.18,0.9,0.9
64,Federico Bernardeschi,Juventus ,0,7,1,14.3,4.81,0.69,0,0,15.3,0,0,0,1,1,0.14,-1,-1
65,Miha Blaži?,Ferencváros ,0,3,0,0,0.5,0,0,,27.7,0,0,0,0.1,0.1,0.02,-0.1,-0.1
66,Daley Blind,Ajax ,0,1,0,0,0.22,0,0,,24.6,0,0,0,0,0,0.02,0,0
67,Jérôme Boateng,Bayern Munich,1,1,1,100,0.36,0.36,1,1,8,0,0,0,0.1,0.1,0.09,0.9,0.9
68,Franck Boli,Ferencváros ,2,6,5,83.3,6.67,5.56,0.33,0.4,12.1,0,0,0,1.8,1.8,0.32,0.2,0.2
69,Boli Bolingoli-Mbombo,Ba?ak?ehir ,0,1,0,0,0.24,0,0,,20.8,0,0,0,0,0,0.03,0,0
70,Valerii Bondar,Shakhtar ,0,0,0,,0,0,,,,0,0,0,0,0,,0,0
71,Leonardo Bonucci,Juventus ,0,0,0,,0,0,,,,0,0,0,0,0,,0,0
72,Endre Botka,Ferencváros ,0,0,0,,0,0,,,,0,0,0,0,0,,0,0
73,Andreas Bouchalakis,Olympiacos ,0,5,0,0,1.08,0,0,,23.9,0,0,0,0.1,0.1,0.02,-0.1,-0.1
74,Yassine Bounou,Sevilla ,0,0,0,,0,0,,,,0,0,0,0,0,,0,0
75,Benjamin Bourigeaud,Rennes ,0,7,2,28.6,1.71,0.49,0,0,17.7,2,0,0,0.7,0.7,0.1,-0.7,-0.7
76,Denys Boyko,Dynamo Kyiv,0,0,0,,0,0,,,,0,0,0,0,0,,0,0
77,Martin Braithwaite,Barcelona ,3,6,3,50,2.51,1.26,0.33,0.67,11.7,0,1,1,2.4,1.6,0.27,0.6,0.4
78,Julian Brandt,Dortmund ,0,2,0,0,0.92,0,0,,20.8,0,0,0,0.1,0.1,0.03,-0.1,-0.1
79,Brian Brobbey,Ajax ,0,1,1,100,2,2,0,0,7.3,0,0,0,0.1,0.1,0.09,-0.1,-0.1
80,Marcelo Brozovi?,Inter ,0,4,1,25,0.97,0.24,0,0,19.7,0,0,0,0.2,0.2,0.05,-0.2,-0.2
81,Bruma,Olympiacos ,0,1,0,0,1.36,0,0,,16,0,0,0,0.1,0.1,0.06,-0.1,-0.1
82,Gianluigi Buffon,Juventus ,0,0,0,,0,0,,,,0,0,0,0,0,,0,0
83,Roman Bürki,Dortmund ,0,0,0,,0,0,,,,0,0,0,0,0,,0,0
84,Heorhiy Bushchan,Dynamo Kyiv,0,0,0,,0,0,,,,0,0,0,0,0,,0,0
85,Sergio Busquets,Barcelona ,0,0,0,,0,0,,,,0,0,0,0,0,,0,0
86,Vitaliy Buyalskyi,Dynamo Kyiv,0,5,1,20,1.31,0.26,0,0,13.5,0,0,0,0.4,0.4,0.09,-0.4,-0.4
87,Rémy Cabella,Krasnodar ,1,5,2,40,1.78,0.71,0.2,0.5,14.1,0,0,0,1.2,1.2,0.24,-0.2,-0.2
88,Júnior Caiçara,Ba?ak?ehir ,0,0,0,,0,0,,,,0,0,0,0,0,,0,0
89,Felipe Caicedo,Lazio ,1,4,1,25,2.65,0.66,0.25,1,11.5,0,0,0,0.3,0.3,0.08,0.7,0.7
90,Jens Cajuste,Midtjylland ,0,0,0,,0,0,,,,0,0,0,0,0,,0,0
91,Duje ?aleta-Car,Marseille ,0,2,0,0,0.5,0,0,,6.5,0,0,0,0.4,0.4,0.19,-0.4,-0.4
92,Mohamed Camara,Olympiacos ,1,4,1,25,1.26,0.31,0.25,1,19.1,0,0,0,0.2,0.2,0.05,0.8,0.8
93,Mohamed Camara,RB Salzburg,0,4,1,25,0.88,0.22,0,0,22.9,0,0,0,0.1,0.1,0.03,-0.1,-0.1
94,Eduardo Camavinga,Rennes ,0,5,2,40,1.37,0.55,0,0,27.1,0,0,0,0.1,0.1,0.03,-0.1,-0.1
95,Sergio Camello,Atlético Madrid,0,0,0,,0,0,,,,0,0,0,0,0,,0,0
96,Emre Can,Dortmund ,0,2,0,0,1.65,0,0,,16,0,0,0,0.1,0.1,0.05,-0.1,-0.1
97,João Cancelo,Manchester City,1,5,3,60,1.49,0.89,0.2,0.33,20.9,0,0,0,0.3,0.3,0.06,0.7,0.7
98,Diego Carlos,Sevilla ,0,10,1,10,1.67,0.17,0,0,11.8,0,0,0,1,1,0.1,-1,-1
99,Yannick Carrasco,Atlético Madrid,1,11,4,36.4,3.02,1.1,0.09,0.25,19.2,1,0,0,0.8,0.8,0.07,0.2,0.2
100,Dani Carvajal,Real Madrid,0,0,0,,0,0,,,,0,0,0,0,0,,0,0
101,Casemiro,Real Madrid,1,6,1,16.7,1.37,0.23,0.17,1,26.8,0,0,0,0.7,0.7,0.11,0.3,0.3
102,Danilo Cataldi,Lazio ,0,2,0,0,2.9,0,0,,31.5,1,0,0,0.1,0.1,0.06,-0.1,-0.1
103,Edinson Cavani,Manchester Utd,0,4,1,25,1.73,0.43,0,0,21,0,0,0,0.5,0.5,0.12,-0.5,-0.5
104,Murilo Cerqueira,Loko Moscow,0,3,0,0,0.6,0,0,,7.4,0,0,0,0.3,0.3,0.1,-0.3,-0.3
105,Nacer Chadli,Ba?ak?ehir ,0,0,0,,0,0,,,,0,0,0,0,0,,0,0
106,Yevgeni Chernov,Krasnodar ,0,3,0,0,0.94,0,0,,14.8,0,0,0,0.2,0.2,0.07,-0.2,-0.2
107,Giorgio Chiellini,Juventus ,0,1,0,0,0.83,0,0,,4,0,0,0,0.1,0.1,0.12,-0.1,-0.1
108,Federico Chiesa,Juventus ,1,6,2,33.3,1.5,0.5,0.17,0.5,16,0,0,0,0.6,0.6,0.1,0.4,0.4
109,Ben Chilwell,Chelsea ,0,3,2,66.7,0.84,0.56,0,0,9.3,0,0,0,0.2,0.2,0.07,-0.2,-0.2
110,Andreas Christensen,Chelsea ,0,0,0,,0,0,,,,0,0,0,0,0,,0,0
111,Eldar ?ivi?,Ferencváros ,0,0,0,,0,0,,,,0,0,0,0,0,,0,0
112,Viktor Claesson,Krasnodar ,0,3,1,33.3,0.93,0.31,0,0,15.6,0,0,0,0.5,0.5,0.18,-0.5,-0.5
113,Leighton Clarkson,Liverpool ,0,0,0,,0,0,,,,0,0,0,0,0,,0,0
114,Kingsley Coman,Bayern Munich,3,8,3,37.5,2.47,0.93,0.38,1,13.4,0,0,0,1.6,1.6,0.2,1.4,1.4
115,Dion Cools,Midtjylland ,0,1,1,100,0.43,0.43,0,0,4.5,0,0,0,0.1,0.1,0.11,-0.1,-0.1
116,Vedran ?orluka,Loko Moscow,0,1,1,100,0.22,0.22,0,0,9,0,0,0,0.1,0.1,0.08,-0.1,-0.1
117,Jesús Corona,Porto ,0,1,0,0,0.23,0,0,,20,0,0,0,0.2,0.2,0.2,-0.2,-0.2
118,Ángel Correa,Atlético Madrid,0,4,1,25,0.98,0.24,0,0,16.8,0,0,0,0.6,0.6,0.15,-0.6,-0.6
119,Joaquín Correa,Lazio ,2,13,8,61.5,2.42,1.49,0.15,0.25,14.1,0,0,0,2.6,2.6,0.2,-0.6,-0.6
120,Diogo Costa,Porto ,0,0,0,,0,0,,,,0,0,0,0,0,,0,0
121,Douglas Costa,Bayern Munich,0,3,1,33.3,1.18,0.39,0,0,17.9,0,0,0,0.1,0.1,0.03,-0.1,-0.1
122,Thibaut Courtois,Real Madrid,0,0,0,,0,0,,,,0,0,0,0,0,,0,0
123,Philippe Coutinho,Barcelona ,1,6,1,16.7,4.03,0.67,0.17,1,20.5,0,0,0,0.3,0.3,0.05,0.7,0.7
124,Enzo Crivelli,Ba?ak?ehir ,0,1,0,0,0.37,0,0,,7,0,0,0,0.2,0.2,0.2,-0.2,-0.2
125,Juan Cuadrado,Juventus ,0,2,0,0,0.42,0,0,,15,0,0,0,0.1,0.1,0.06,-0.1,-0.1
126,Mickaël Cuisance,Marseille ,0,1,0,0,0.38,0,0,,30.1,0,0,0,0,0,0.02,0,0
127,Szymon Czy?,Lazio ,0,0,0,,0,0,,,,0,0,0,0,0,,0,0
128,Danilo D'Ambrosio,Inter ,0,1,0,0,0.29,0,0,,11.2,0,0,0,0,0,0.04,0,0
129,Damien Da Silva,Rennes ,0,2,1,50,0.35,0.17,0,0,8,0,0,0,0.1,0.1,0.03,-0.1,-0.1
130,Colin Dagba,Paris S-G,0,0,0,,0,0,,,,0,0,0,0,0,,0,0
131,Mahmoud Dahoud,Dortmund ,0,4,0,0,2.31,0,0,,25.5,0,0,0,0.2,0.2,0.04,-0.2,-0.2
132,Patson Daka,RB Salzburg,0,9,3,33.3,3.95,1.32,0,0,14.2,0,0,0,1.4,1.4,0.16,-1.4,-1.4
133,Danilo,Juventus ,0,5,1,20,0.94,0.19,0,0,22.9,0,0,0,0.2,0.2,0.04,-0.2,-0.2
134,Matteo Darmian,Inter ,1,5,2,40,2.71,1.08,0.2,0.5,9.1,0,0,0,0.5,0.5,0.11,0.5,0.5
135,Alphonso Davies,Bayern Munich,0,1,0,0,1.18,0,0,,17.5,0,0,0,0.1,0.1,0.07,-0.1,-0.1
136,Kevin De Bruyne,Manchester City,0,5,2,40,2.73,1.09,0,0,16.3,0,0,0,0.6,0.6,0.13,-0.6,-0.6
137,Charles De Ketelaere,Club Brugge,2,10,3,30,1.97,0.59,0.2,0.67,11.5,0,0,0,2.3,2.3,0.25,-0.3,-0.3
138,Konrad De La Fuente,Barcelona ,0,0,0,,0,0,,,,0,0,0,0,0,,0,0
139,Romain Del Castillo,Rennes ,0,1,0,0,0.68,0,0,,19.1,0,0,0,0.1,0.1,0.06,-0.1,-0.1
140,Thomas Delaney,Dortmund ,0,3,1,33.3,0.82,0.27,0,0,14.9,0,0,0,0.3,0.3,0.08,-0.3,-0.3
141,Simon Deli,Club Brugge,0,0,0,,0,0,,,,0,0,0,0,0,,0,0
142,Ousmane Dembélé,Barcelona ,3,11,6,54.5,4.63,2.52,0.18,0.33,19.3,0,1,1,2,1.2,0.11,1,0.8
143,Merih Demiral,Juventus ,0,0,0,,0,0,,,,0,0,0,0,0,,0,0
144,Emmanuel Dennis,Club Brugge,1,5,3,60,1.32,0.79,0.2,0.33,12.8,0,0,0,0.9,0.9,0.18,0.1,0.1
145,Dentinho,Shakhtar ,1,1,1,100,0.55,0.55,1,1,9.1,0,0,0,0.5,0.5,0.55,0.5,0.5
146,Fabio Depaoli,Atalanta ,0,0,0,,0,0,,,,0,0,0,0,0,,0,0
147,Sergiño Dest,Barcelona ,1,4,1,25,0.8,0.2,0.25,1,20.7,0,0,0,0.3,0.3,0.09,0.7,0.7
148,Ángel Di María,Paris S-G,1,12,3,25,3.04,0.76,0.08,0.33,21.8,2,0,1,1.7,1,0.08,-0.7,0
149,Abdou Diallo,Paris S-G,0,0,0,,0,0,,,,0,0,0,0,0,,0,0
150,Rúben Dias,Manchester City,0,3,0,0,0.75,0,0,,6.7,0,0,0,1,1,0.32,-1,-1
151,Krepin Diatta,Club Brugge,0,5,1,20,1.09,0.22,0,0,17.7,0,0,0,0.2,0.2,0.04,-0.2,-0.2
152,Dénes Dibusz,Ferencváros ,0,0,0,,0,0,,,,0,0,0,0,0,,0,0
153,Berat Djimsiti,Atalanta ,0,1,1,100,0.17,0.17,0,0,10.1,0,0,0,0.1,0.1,0.05,-0.1,-0.1
154,Dodô,Shakhtar ,0,1,1,100,0.17,0.17,0,0,25,0,0,0,0,0,0.04,0,0
155,Jeremy Doku,Rennes ,0,8,5,62.5,1.8,1.12,0,0,16.6,0,0,0,0.5,0.5,0.06,-0.5,-0.5
156,Thomas Doyle,Manchester City,0,0,0,,0,0,,,,0,0,0,0,0,,0,0
157,Mohamed Dräger,Olympiacos ,0,0,0,,0,0,,,,0,0,0,0,0,,0,0
158,Radu Dr?gu?in,Juventus ,0,0,0,,0,0,,,,0,0,0,0,0,,0,0
159,Anders Dreyer,Midtjylland ,1,13,5,38.5,2.38,0.92,0.08,0.2,18.2,1,0,0,1.3,1.3,0.1,-0.3,-0.3
160,Sebastián Driussi,Zenit ,1,10,3,30,3.21,0.96,0.1,0.33,20.6,0,0,0,0.9,0.9,0.09,0.1,0.1
161,Lasha Dvali,Ferencváros ,0,0,0,,0,0,,,,0,0,0,0,0,,0,0
162,Paulo Dybala,Juventus ,1,9,4,44.4,3.75,1.67,0.11,0.25,19.3,1,0,0,1.5,1.5,0.17,-0.5,-0.5
163,Artem Dzyuba,Zenit ,1,4,2,50,1.04,0.52,0.25,0.5,10.8,0,0,0,0.5,0.5,0.13,0.5,0.5
164,Éder,Loko Moscow,1,2,1,50,0.73,0.36,0.5,1,21,0,0,0,0.1,0.1,0.03,0.9,0.9
165,Ederson,Manchester City,0,0,0,,0,0,,,,0,0,0,0,0,,0,0
166,Jurgen Ekkelenkamp,Ajax ,0,2,0,0,1.98,0,0,,15.7,0,0,0,0.2,0.2,0.08,-0.2,-0.2
167,Nico Elvedi,M'Gladbach ,1,2,1,50,0.41,0.2,0.5,1,6,0,0,0,0.2,0.2,0.12,0.8,0.8
168,Breel Embolo,M'Gladbach ,1,6,2,33.3,2.45,0.82,0.17,0.5,12.2,0,0,0,1.2,1.2,0.2,-0.2,-0.2
169,Youssef En-Nesyri,Sevilla ,4,13,8,61.5,4.9,3.01,0.31,0.5,15.2,0,0,0,1.6,1.6,0.12,2.4,2.4
170,Alexandru Epureanu,Ba?ak?ehir ,0,1,0,0,0.22,0,0,,10,0,0,0,0.1,0.1,0.07,-0.1,-0.1
171,Christian Eriksen,Inter ,0,6,2,33.3,5.35,1.78,0,0,23.9,1,0,0,0.3,0.3,0.04,-0.3,-0.3
172,Aleksandr Erokhin,Zenit ,1,3,1,33.3,1,0.33,0.33,1,12.7,0,0,0,0.6,0.6,0.21,0.4,0.4
173,Gonzalo Escalante,Lazio ,0,0,0,,0,0,,,,0,0,0,0,0,,0,0
174,Sergio Escudero,Sevilla ,0,1,0,0,0.97,0,0,,15.3,0,0,0,0,0,0.03,0,0
175,Evander,Midtjylland ,0,7,2,28.6,4.23,1.21,0,0,21,1,0,0,0.6,0.6,0.08,-0.6,-0.6
176,Evanilson,Porto ,0,0,0,,0,0,,,,0,0,0,0,0,,0,0
177,Fabinho,Liverpool ,0,1,1,100,0.32,0.32,0,0,7,0,0,0,0.1,0.1,0.14,-0.1,-0.1
178,Mohamed Fares,Lazio ,0,4,0,0,1.22,0,0,,23.1,0,0,0,0.1,0.1,0.02,-0.1,-0.1
179,Ansu Fati,Barcelona ,1,9,6,66.7,5.06,3.38,0.11,0.17,13,0,0,0,0.9,0.9,0.1,0.1,0.1
180,Felipe,Atlético Madrid,0,0,0,,0,0,,,,0,0,0,0,0,,0,0
181,Luiz Felipe,Lazio ,0,1,0,0,0.51,0,0,,3.6,0,0,0,0.1,0.1,0.13,-0.1,-0.1
182,João Félix,Atlético Madrid,3,22,10,45.5,3.71,1.69,0.14,0.3,15.6,1,0,0,3.2,3.2,0.14,-0.2,-0.2
183,Bruno Fernandes,Manchester Utd,4,19,9,47.4,3.9,1.85,0.11,0.22,21.2,3,2,2,3.6,2.1,0.11,0.4,-0.1
184,Matheus Fernandes,Barcelona ,0,1,0,0,5,0,0,,19.8,0,0,0,0,0,0.03,0,0
185,Carlos Fernández,Sevilla ,0,0,0,,0,0,,,,0,0,0,0,0,,0,0
186,Fernandinho,Manchester City,0,1,0,0,0.45,0,0,,13.5,0,0,0,0,0,0.03,0,0
187,Fernando,Shakhtar ,0,2,0,0,4.74,0,0,,16.5,0,0,0,0.1,0.1,0.03,-0.1,-0.1
188,Fernando,Sevilla ,0,3,0,0,0.85,0,0,,34.9,1,0,0,0.1,0.1,0.03,-0.1,-0.1
189,Luis Fernando Díaz,Porto ,2,3,2,66.7,1.03,0.69,0.67,1,20.2,0,0,0,0.2,0.2,0.07,1.8,1.8
190,Roberto Firmino,Liverpool ,0,5,2,40,2.68,1.07,0,0,11.2,0,0,0,1.2,1.2,0.24,-1.2,-1.2
191,Junior Firpo,Barcelona ,0,0,0,,0,0,,,,0,0,0,0,0,,0,0
192,Alessandro Florenzi,Paris S-G,0,3,1,33.3,0.56,0.19,0,0,20.1,0,0,0,0.1,0,0.01,-0.1,0
193,Phil Foden,Manchester City,1,14,6,42.9,2.79,1.2,0.07,0.17,17.2,1,0,0,1.2,1.2,0.09,-0.2,-0.2
194,Emil Forsberg,RB Leipzig,1,12,2,16.7,2.69,0.45,0,0,14.5,0,1,1,2.4,1.6,0.14,-1.4,-1.6
195,Kostas Fortounis,Olympiacos ,0,3,0,0,0.94,0,0,,26.3,0,0,0,0.1,0.1,0.03,-0.1,-0.1
196,Timothy Fosu-Mensah,Manchester Utd,0,0,0,,0,0,,,,0,0,0,0,0,,0,0
197,Gianluca Frabotta,Juventus ,0,0,0,,0,0,,,,0,0,0,0,0,,0,0
198,Lassina Franck Traoré,Ajax ,1,5,1,20,2.27,0.45,0.2,1,12.3,0,0,0,1.4,1.4,0.29,-0.4,-0.4
199,Fred,Manchester Utd,0,3,1,33.3,0.8,0.27,0,0,23.8,0,0,0,0.1,0.1,0.03,-0.1,-0.1
200,Remo Freuler,Atalanta ,0,4,1,25,0.71,0.18,0,0,21.5,0,0,0,0.3,0.3,0.09,-0.3,-0.3
201,Abraham Frimpong,Ferencváros ,0,0,0,,0,0,,,,0,0,0,0,0,,0,0
202,Roberto Gagliardini,Inter ,0,2,0,0,0.71,0,0,,17.1,0,0,0,0.1,0.1,0.04,-0.1,-0.1
203,Idrissa Gana Gueye,Paris S-G,0,0,0,,0,0,,,,0,0,0,0,0,,0,0
204,Eric García,Manchester City,0,2,1,50,0.87,0.43,0,0,7.5,0,0,0,0.6,0.6,0.31,-0.6,-0.6
205,Yuri Gazinskiy,Krasnodar ,0,2,0,0,0.48,0,0,,14.9,0,0,0,0.1,0.1,0.06,-0.1,-0.1
206,Yann Gboho,Rennes ,0,0,0,,0,0,,,,0,0,0,0,0,,0,0
207,David de Gea,Manchester Utd,0,0,0,,0,0,,,,0,0,0,0,0,,0,0
208,Valère Germain,Marseille ,0,5,1,20,2.25,0.45,0,0,14.6,0,0,0,0.4,0.4,0.08,-0.4,-0.4
209,Billy Gilmour,Chelsea ,0,2,1,50,1.87,0.94,0,0,27,0,0,0,0.1,0.1,0.03,-0.1,-0.1
210,Matthias Ginter,M'Gladbach ,0,0,0,,0,0,,,,0,0,0,0,0,,0,0
211,Olivier Giroud,Chelsea ,5,7,5,71.4,4.37,3.12,0.57,0.8,10.7,0,1,1,1.9,1.2,0.17,3.1,2.8
212,Serge Gnabry,Bayern Munich,0,11,4,36.4,3.67,1.33,0,0,17.9,0,0,0,1.1,1.1,0.1,-1.1,-1.1
213,Pierluigi Gollini,Atalanta ,0,0,0,,0,0,,,,0,0,0,0,0,,0,0
214,Eulânio Ângelo Chipela Gomes,Porto ,0,0,0,,0,0,,,,0,0,0,0,0,,0,0
215,Joe Gomez,Liverpool ,0,0,0,,0,0,,,,0,0,0,0,0,,0,0
216,Papu Gómez,Atalanta ,1,6,3,50,1.2,0.6,0.17,0.33,25.4,0,0,0,0.3,0.3,0.05,0.7,0.7
217,Sergi Gómez,Sevilla ,0,2,0,0,0.91,0,0,,28.2,0,0,0,0,0,0.01,0,0
218,Alfred Gomis,Rennes ,0,0,0,,0,0,,,,0,0,0,0,0,,0,0
219,Álvaro González,Marseille ,0,3,0,0,0.5,0,0,,11.9,0,0,0,0.2,0.2,0.06,-0.2,-0.2
220,Leon Goretzka,Bayern Munich,2,7,2,28.6,2.27,0.65,0.29,1,19.8,0,0,0,0.4,0.4,0.05,1.6,1.6
221,Yevgeni Gorodov,Krasnodar ,0,0,0,,0,0,,,,0,0,0,0,0,,0,0
222,Robin Gosens,Atalanta ,1,7,2,28.6,1.51,0.43,0.14,0.5,15.3,0,0,0,0.7,0.7,0.1,0.3,0.3
223,Ryan Gravenberch,Ajax ,1,6,1,16.7,1.02,0.17,0.17,1,21.5,0,0,0,0.4,0.4,0.07,0.6,0.6
224,Mason Greenwood,Manchester Utd,1,10,5,50,4.27,2.13,0.1,0.2,13.9,0,0,0,0.7,0.7,0.07,0.3,0.3
225,Clément Grenier,Rennes ,0,2,2,100,0.81,0.81,0,0,22.5,1,0,0,0.3,0.3,0.14,-0.3,-0.3
226,Antoine Griezmann,Barcelona ,2,11,4,36.4,3.04,1.1,0.18,0.5,11.9,0,0,0,1.7,1.7,0.16,0.3,0.3
227,Marko Gruji?,Porto ,0,3,0,0,1.5,0,0,,15,0,0,0,0.2,0.2,0.06,-0.2,-0.2
228,Nemanja Gudelj,Sevilla ,0,3,2,66.7,0.6,0.4,0,0,20.4,0,0,0,0.1,0.1,0.02,-0.1,-0.1
229,Raphaël Guerreiro,Dortmund ,1,5,2,40,1.1,0.44,0.2,0.5,16.7,1,0,0,1.2,1.2,0.25,-0.2,-0.2
230,Pape Gueye,Marseille ,0,2,1,50,1.06,0.53,0,0,15.2,0,0,0,0.1,0.1,0.03,-0.1,-0.1
231,Sehrou Guirassy,Rennes ,2,6,3,50,1.59,0.79,0.17,0.33,9.9,0,1,1,1.7,1,0.16,0.3,0
232,Péter Gulácsi,RB Leipzig,0,0,0,,0,0,,,,0,0,0,0,0,,0,0
233,Fredrik Gulbrandsen,Ba?ak?ehir ,0,3,1,33.3,1.33,0.44,0,0,17.6,0,0,0,0.3,0.3,0.11,-0.3,-0.3
234,?lkay Gündo?an,Manchester City,2,8,3,37.5,1.98,0.74,0.25,0.67,17,1,0,0,0.9,0.9,0.11,1.1,1.1
235,Mert Günok,Ba?ak?ehir ,0,0,0,,0,0,,,,0,0,0,0,0,,0,0
236,Munir El Haddadi,Sevilla ,1,14,2,14.3,4.88,0.7,0.07,0.5,16.4,0,0,0,1,1,0.08,0,0
237,Amadou Haidara,RB Leipzig,1,7,4,57.1,1.83,1.05,0.14,0.25,14.9,0,0,0,1,1,0.15,0,0
238,Achraf Hakimi,Inter ,0,1,0,0,0.25,0,0,,12.8,0,0,0,0,0,0.04,0,0
239,Erling Håland,Dortmund ,6,20,11,55,5.25,2.89,0.3,0.55,13.7,0,0,0,4.1,4.1,0.22,1.9,1.9
240,Marcel Halstenberg,RB Leipzig,0,1,1,100,0.49,0.49,0,0,9,0,0,0,0.1,0.1,0.12,-0.1,-0.1
241,Samir Handanovi?,Inter ,0,0,0,,0,0,,,,0,0,0,0,0,,0,0
242,Jesper Hansen,Midtjylland ,0,0,0,,0,0,,,,0,0,0,0,0,,0,0
243,Denys Harmash,Dynamo Kyiv,0,0,0,,0,0,,,,0,0,0,0,0,,0,0
244,Hans Hateboer,Atalanta ,0,2,1,50,0.34,0.17,0,0,13,0,0,0,0.4,0.4,0.22,-0.4,-0.4
245,Kai Havertz,Chelsea ,0,5,1,20,1.35,0.27,0,0,17.6,1,0,0,0.5,0.5,0.1,-0.5,-0.5
246,Eden Hazard,Real Madrid,1,3,1,33.3,1.68,0.56,0,0,21,0,1,1,1,0.2,0.08,0,-0.2
247,Thorgan Hazard,Dortmund ,1,11,7,63.6,2.74,1.75,0.09,0.14,17.2,0,0,0,0.6,0.6,0.06,0.4,0.4
248,Hwang Hee-chan,RB Leipzig,0,0,0,,0,0,,,,0,0,0,0,0,,0,0
249,Marcel Heister,Ferencváros ,0,4,0,0,0.94,0,0,,28.2,0,0,0,0.1,0.1,0.03,-0.1,-0.1
250,Dean Henderson,Manchester Utd,0,0,0,,0,0,,,,0,0,0,0,0,,0,0
251,Jordan Henderson,Liverpool ,0,3,0,0,0.98,0,0,,25.5,1,0,0,0.1,0.1,0.05,-0.1,-0.1
252,Benjamin Henrichs,RB Leipzig,0,2,0,0,1.57,0,0,,14.2,0,0,0,0.1,0.1,0.03,-0.1,-0.1
253,Dalbert Henrique,Rennes ,0,2,1,50,0.81,0.4,0,0,17.9,0,0,0,0.1,0.1,0.05,-0.1,-0.1
254,Luis Henrique,Marseille ,0,0,0,,0,0,,,,0,0,0,0,0,,0,0
255,Mario Hermoso,Atlético Madrid,1,2,1,50,0.82,0.41,0.5,1,7,0,0,0,0.2,0.2,0.11,0.8,0.8
256,Lucas Hernández,Bayern Munich,1,6,1,16.7,1.32,0.22,0.17,1,22.6,0,0,0,0.2,0.2,0.04,0.8,0.8
257,Ander Herrera,Paris S-G,0,5,0,0,1.24,0,0,,19.3,0,0,0,0.2,0.2,0.04,-0.2,-0.2
258,Héctor Herrera,Atlético Madrid,0,6,1,16.7,1.81,0.3,0,0,24.6,1,0,0,0.4,0.4,0.06,-0.4,-0.4
259,Patrick Herrmann,M'Gladbach ,0,0,0,,0,0,,,,0,0,0,0,0,,0,0
260,Marwin Hitz,Dortmund ,0,0,0,,0,0,,,,0,0,0,0,0,,0,0
261,Wesley Hoedt,Lazio ,0,1,0,0,0.2,0,0,,23.5,0,0,0,0,0,0.04,0,0
262,Jonas Hofmann,M'Gladbach ,1,2,2,100,0.71,0.71,0.5,0.5,15.4,0,0,0,0.3,0.3,0.13,0.7,0.7
263,José Holebas,Olympiacos ,0,1,0,0,0.21,0,0,,12.2,0,0,0,0,0,0.03,0,0
264,Ethan Horvath,Club Brugge,0,0,0,,0,0,,,,0,0,0,0,0,,0,0
265,Callum Hudson-Odoi,Chelsea ,2,4,2,50,1.43,0.72,0.5,1,15.5,0,0,0,0.5,0.5,0.12,1.5,1.5
266,Mats Hummels,Dortmund ,0,2,1,50,0.42,0.21,0,0,10.3,0,0,0,0.1,0.1,0.07,-0.1,-0.1
267,Adrien Hunou,Rennes ,0,3,2,66.7,3.03,2.02,0,0,16.8,0,0,0,0.3,0.3,0.09,-0.3,-0.3
268,Klaas-Jan Huntelaar,Ajax ,0,1,1,100,2.2,2.2,0,0,7,0,0,0,0.4,0.4,0.36,-0.4,-0.4
269,Daniel Høegh,Midtjylland ,0,1,0,0,1,0,0,,8.2,0,0,0,0,0,0.03,0,0
270,Oussama Idrissi,Sevilla ,0,2,1,50,1.21,0.6,0,0,14.7,0,0,0,0.2,0.2,0.08,-0.2,-0.2
271,Odion Ighalo,Manchester Utd,0,0,0,,0,0,,,,0,0,0,0,0,,0,0
272,Vladislav Ignatyev,Loko Moscow,0,2,1,50,0.46,0.23,0,0,14.9,0,0,0,0.2,0.2,0.08,-0.2,-0.2
273,Josip Ili?i?,Atalanta ,1,8,3,37.5,3.36,1.26,0.13,0.33,17.9,2,0,0,1.3,1.3,0.17,-0.3,-0.3
274,Ciro Immobile,Lazio ,5,10,5,50,2.78,1.39,0.2,0.4,18.7,0,3,3,3.6,1.3,0.13,1.4,0.7
275,Nikita Iosifov,Loko Moscow,0,1,1,100,6,6,0,0,17.5,0,0,0,0.2,0.2,0.16,-0.2,-0.2
276,Isael,Ferencváros ,0,6,1,16.7,1.49,0.25,0,0,17.6,0,0,0,0.4,0.4,0.06,-0.4,-0.4
277,Gustav Isaksen,Midtjylland ,0,2,1,50,3.91,1.96,0,0,19.3,0,0,0,0.1,0.1,0.03,-0.1,-0.1
278,Isco,Real Madrid,0,0,0,,0,0,,,,0,0,0,0,0,,0,0
279,Daniel James,Manchester Utd,1,1,1,100,2.57,2.57,1,1,9,0,0,0,0.5,0.5,0.54,0.5,0.5
280,Manjrekar James,Midtjylland ,0,0,0,,0,0,,,,0,0,0,0,0,,0,0
281,Reece James,Chelsea ,0,0,0,,0,0,,,,0,0,0,0,0,,0,0
282,Tony Jantschke,M'Gladbach ,0,0,0,,0,0,,,,0,0,0,0,0,,0,0
283,Gabriel Jesus,Manchester City,1,7,3,42.9,5.29,2.27,0.14,0.33,10.9,0,0,0,0.7,0.7,0.1,0.3,0.3
284,Curtis Jones,Liverpool ,1,6,4,66.7,1.71,1.14,0.17,0.25,17.6,0,0,0,0.6,0.6,0.1,0.4,0.4
285,Frenkie de Jong,Barcelona ,0,0,0,,0,0,,,,0,0,0,0,0,,0,0
286,Luuk de Jong,Sevilla ,1,9,5,55.6,2.56,1.42,0.11,0.2,9.5,0,0,0,0.9,0.9,0.1,0.1,0.1
287,Joan Jordán,Sevilla ,0,5,0,0,1.64,0,0,,17.6,0,0,0,0.8,0.8,0.16,-0.8,-0.8
288,Jorginho,Chelsea ,1,0,0,,0,0,,,,0,1,2,1.5,0,,-0.5,0
289,Diogo Jota,Liverpool ,4,10,7,70,2.51,1.76,0.4,0.57,11.4,0,0,0,3,3,0.3,1,1
290,Luka Jovi?,Real Madrid,0,2,1,50,3.1,1.55,0,0,14,0,0,0,0.1,0.1,0.06,-0.1,-0.1
291,Vinicius Júnior,Real Madrid,1,7,1,14.3,2.76,0.39,0.14,1,14.4,0,0,0,0.9,0.9,0.13,0.1,0.1
292,Zlatko Junuzovi?,RB Salzburg,1,6,2,33.3,1.18,0.39,0.17,0.5,21.8,0,0,0,0.2,0.2,0.04,0.8,0.8
293,Sory Kaba,Midtjylland ,0,8,0,0,1.58,0,0,,10.4,0,0,0,0.9,0.9,0.11,-0.9,-0.9
294,?rfan Kahveci,Ba?ak?ehir ,3,13,4,30.8,2.41,0.74,0.23,0.75,19.3,1,0,0,0.6,0.6,0.05,2.4,2.4
295,Felix Kalu Nmecha,Manchester City,0,0,0,,0,0,,,,0,0,0,0,0,,0,0
296,François Kamano,Loko Moscow,0,2,0,0,1,0,0,,29,0,0,0,0.2,0.2,0.12,-0.2,-0.2
297,Boubacar Kamara,Marseille ,0,3,0,0,0.7,0,0,,23.7,0,0,0,0.1,0.1,0.04,-0.1,-0.1
298,Ruslan Kambolov,Krasnodar ,0,0,0,,0,0,,,,0,0,0,0,0,,0,0
299,Kevin Kampl,RB Leipzig,0,2,0,0,0.71,0,0,,23.7,0,0,0,0.1,0.1,0.06,-0.1,-0.1
300,N'Golo Kanté,Chelsea ,0,0,0,,0,0,,,,0,0,0,0,0,,0,0
301,Emre Kaplan,Ba?ak?ehir ,0,0,0,,0,0,,,,0,0,0,0,0,,0,0
302,Oleksandr Karavayev,Dynamo Kyiv,0,1,1,100,0.4,0.4,0,0,13.4,0,0,0,0.2,0.2,0.17,-0.2,-0.2
303,Vyacheslav Karavayev,Zenit ,0,3,1,33.3,0.96,0.32,0,0,19.8,0,0,0,0.2,0.2,0.07,-0.2,-0.2
304,Moise Kean,Paris S-G,2,7,2,28.6,2.17,0.62,0.29,1,13.9,0,0,0,1,1,0.14,1,1
305,Tomasz K?dziora,Dynamo Kyiv,0,1,1,100,0.17,0.17,0,0,9.4,0,0,0,0,0,0.04,0,0
306,Thilo Kehrer,Paris S-G,0,0,0,,0,0,,,,0,0,0,0,0,,0,0
307,Naby Keïta,Liverpool ,0,1,1,100,1.05,1.05,0,0,17,0,0,0,0.1,0.1,0.07,-0.1,-0.1
308,Caoimhin Kelleher,Liverpool ,0,0,0,,0,0,,,,0,0,0,0,0,,0,0
309,Mikhail Kerzhakov,Zenit ,0,0,0,,0,0,,,,0,0,0,0,0,,0,0
310,Ihor Kharatin,Ferencváros ,1,2,0,0,0.55,0,0,,12.1,0,1,1,0.9,0.2,0.09,0.1,-0.2
311,Davit Khocholava,Shakhtar ,0,0,0,,0,0,,,,0,0,0,0,0,,0,0
312,Joshua Kimmich,Bayern Munich,1,5,1,20,1.67,0.33,0.2,1,19.8,0,0,0,0.8,0.8,0.15,0.2,0.2
313,Presnel Kimpembe,Paris S-G,0,0,0,,0,0,,,,0,0,0,0,0,,0,0
314,Davy Klaassen,Ajax ,0,3,1,33.3,0.6,0.2,0,0,12.9,0,0,0,0.7,0.7,0.25,-0.7,-0.7
315,Sean Klaiber,Ajax ,0,0,0,,0,0,,,,0,0,0,0,0,,0,0
316,Justin Kluivert,RB Leipzig,1,3,1,33.3,2.31,0.77,0.33,1,14.7,0,0,0,0.6,0.6,0.18,0.4,0.4
317,Ansgar Knauff,Dortmund ,0,0,0,,0,0,,,,0,0,0,0,0,,0,0
318,Sekou Koita,RB Salzburg,0,10,3,30,2.21,0.66,0,0,14.8,0,0,0,0.9,0.9,0.09,-0.9,-0.9
319,Koka,Olympiacos ,1,2,2,100,6.21,6.21,0.5,0.5,10.6,0,0,0,0.5,0.5,0.24,0.5,0.5
320,Koke,Atlético Madrid,0,7,0,0,1.3,0,0,,23.4,0,0,0,0.2,0.2,0.03,-0.2,-0.2
321,Aleksandar Kolarov,Inter ,0,1,0,0,1,0,0,,23.7,1,0,0,0.1,0.1,0.05,-0.1,-0.1
322,Ibrahima Konaté,RB Leipzig,0,3,1,33.3,0.57,0.19,0,0,7.5,0,0,0,0.3,0.3,0.11,-0.3,-0.3
323,Viktor Korniienko,Shakhtar ,0,2,0,0,0.67,0,0,,31.9,0,0,0,0,0,0.01,0,0
324,Odilon Kossonou,Club Brugge,0,1,0,0,0.2,0,0,,10,0,0,0,0,0,0.04,0,0
325,Billy Koumetio,Liverpool ,0,0,0,,0,0,,,,0,0,0,0,0,,0,0
326,Jules Koundé,Sevilla ,1,6,4,66.7,1.61,1.07,0.17,0.25,15.3,0,0,0,0.6,0.6,0.1,0.4,0.4
327,Adnan Kova?evi?,Ferencváros ,0,0,0,,0,0,,,,0,0,0,0,0,,0,0
328,Mateo Kova?i?,Chelsea ,0,6,0,0,1.6,0,0,,22.9,0,0,0,0.3,0.3,0.05,-0.3,-0.3
329,Viktor Kovalenko,Shakhtar ,0,2,0,0,0.82,0,0,,22,0,0,0,0.2,0.2,0.12,-0.2,-0.2
330,Bozhidar Kraev,Midtjylland ,0,0,0,,0,0,,,,0,0,0,0,0,,0,0
331,Christoph Kramer,M'Gladbach ,0,3,0,0,0.51,0,0,,15.5,0,0,0,0.2,0.2,0.06,-0.2,-0.2
332,Michal Krmen?ík,Club Brugge,0,1,0,0,1.22,0,0,,59.2,0,0,0,0,0,0.02,0,0
333,Toni Kroos,Real Madrid,0,6,4,66.7,1.23,0.82,0,0,25,0,0,0,0.2,0.2,0.04,-0.2,-0.2
334,Danil Krugovoy,Zenit ,0,0,0,,0,0,,,,0,0,0,0,0,,0,0
335,Grzegorz Krychowiak,Loko Moscow,0,3,0,0,0.75,0,0,,27.8,0,0,0,0.1,0.1,0.02,-0.1,-0.1
336,Serhiy Kryvtsov,Shakhtar ,0,1,0,0,1,0,0,,10,0,0,0,0.1,0.1,0.12,-0.1,-0.1
337,Mohammed Kudus,Ajax ,0,0,0,,0,0,,,,0,0,0,0,0,,0,0
338,Daniil Kulikov,Loko Moscow,0,1,1,100,0.25,0.25,0,0,17.8,0,0,0,0,0,0.02,0,0
339,Dejan Kulusevski,Juventus ,0,5,2,40,2.6,1.04,0,0,16.5,0,0,0,0.2,0.2,0.05,-0.2,-0.2
340,Layvin Kurzawa,Paris S-G,0,3,1,33.3,1.11,0.37,0,0,17.3,0,0,0,0.4,0.4,0.13,-0.4,-0.4
341,Daler Kuzyaev,Zenit ,0,1,1,100,0.2,0.2,0,0,14,0,0,0,0.2,0.2,0.17,-0.2,-0.2
342,Zakaria Labyad,Ajax ,0,5,2,40,2.46,0.98,0,0,16.8,1,0,0,1.2,1.2,0.24,-1.2,-1.2
343,Aïssa Laïdouni,Ferencváros ,0,3,1,33.3,1.22,0.41,0,0,20.4,0,0,0,0.1,0.1,0.04,-0.1,-0.1
344,Stefan Lainer,M'Gladbach ,0,1,1,100,0.17,0.17,0,0,23.7,0,0,0,0,0,0.02,0,0
345,Sam Lammers,Atalanta ,0,0,0,,0,0,,,,0,0,0,0,0,,0,0
346,Michael Lang,M'Gladbach ,0,0,0,,0,0,,,,0,0,0,0,0,,0,0
347,Noa Lang,Club Brugge,1,6,3,50,1.82,0.91,0.17,0.33,17.6,0,0,0,0.4,0.4,0.06,0.6,0.6
348,Aymeric Laporte,Manchester City,0,1,0,0,0.54,0,0,,8,0,0,0,0.1,0.1,0.12,-0.1,-0.1
349,Valentino Lazaro,M'Gladbach ,0,0,0,,0,0,,,,0,0,0,0,0,,0,0
350,Manuel Lazzari,Lazio ,0,1,1,100,0.5,0.5,0,0,13,0,0,0,0.4,0.4,0.42,-0.4,-0.4
351,James Lea Siliki,Rennes ,0,5,0,0,2.11,0,0,,15.2,0,0,0,0.6,0.6,0.13,-0.6,-0.6
352,Diogo Leite,Porto ,0,0,0,,0,0,,,,0,0,0,0,0,,0,0
353,Lucas Leiva,Lazio ,0,2,0,0,0.6,0,0,,18.6,0,0,0,0,0,0.02,0,0
354,Thomas Lemar,Atlético Madrid,0,0,0,,0,0,,,,0,0,0,0,0,,0,0
355,Clément Lenglet,Barcelona ,0,1,0,0,0.24,0,0,,7,0,0,0,0.1,0.1,0.1,-0.1,-0.1
356,Robert Lewandowski,Bayern Munich,3,14,4,28.6,3.58,1.02,0.14,0.5,14.5,3,1,1,2.8,2,0.14,0.2,0
357,Bohdan Liedniev,Dynamo Kyiv,0,1,0,0,2.9,0,0,,21,0,0,0,0.1,0.1,0.07,-0.1,-0.1
358,Matthijs de Ligt,Juventus ,0,0,0,,0,0,,,,0,0,0,0,0,,0,0
359,Victor Lindelöf,Manchester Utd,0,2,1,50,0.46,0.23,0,0,15.1,0,0,0,0.1,0.1,0.04,-0.1,-0.1
360,Vitaly Lisakovich,Loko Moscow,1,1,1,100,1.3,1.3,1,1,7.2,0,0,0,0.1,0.1,0.07,0.9,0.9
361,Marcos Llorente,Atlético Madrid,1,10,3,30,1.9,0.57,0.1,0.33,19.2,0,0,0,0.9,0.9,0.09,0.1,0.1
362,Renan Lodi,Atlético Madrid,0,2,1,50,0.55,0.28,0,0,19.3,0,0,0,0.1,0.1,0.04,-0.1,-0.1
363,Dejan Lovren,Zenit ,0,4,1,25,0.94,0.23,0,0,24.2,1,0,0,0.1,0.1,0.03,-0.1,-0.1
364,Gerg? Lovrencsics,Ferencváros ,0,6,0,0,1.46,0,0,,26.4,0,0,0,0.1,0.1,0.02,-0.1,-0.1
365,José Luis Palomino,Atalanta ,0,0,0,,0,0,,,,0,0,0,0,0,,0,0
366,Zé Luís,Loko Moscow,0,4,2,50,0.95,0.47,0,0,17.8,0,0,0,0.3,0.3,0.08,-0.3,-0.3
367,Romelu Lukaku,Inter ,4,15,8,53.3,3.03,1.62,0.27,0.5,11.8,2,0,0,3.1,3.1,0.21,0.9,0.9
368,Vitali Lystsov,Loko Moscow,0,0,0,,0,0,,,,0,0,0,0,0,,0,0
369,Yann M'Vila,Olympiacos ,0,2,0,0,0.34,0,0,,19.8,0,0,0,0.1,0.1,0.05,-0.1,-0.1
370,Awer Mabil,Midtjylland ,1,7,4,57.1,1.4,0.8,0,0,19.2,1,1,1,1.2,0.4,0.06,-0.2,-0.4
371,Nicolas Madsen,Midtjylland ,0,0,0,,0,0,,,,0,0,0,0,0,,0,0
372,Stanislav Magkeev,Loko Moscow,0,1,0,0,0.46,0,0,,22.6,0,0,0,0.1,0.1,0.07,-0.1,-0.1
373,Harry Maguire,Manchester Utd,0,3,0,0,0.6,0,0,,9,0,0,0,0.2,0.2,0.08,-0.2,-0.2
374,Riyad Mahrez,Manchester City,0,7,2,28.6,2.5,0.71,0,0,13.9,0,0,0,1.5,1.5,0.22,-1.5,-1.5
375,Róbert Mak,Ferencváros ,0,4,1,25,4.14,1.03,0,0,18.8,0,0,0,0.2,0.2,0.06,-0.2,-0.2
376,Malcom,Zenit ,0,7,2,28.6,2.6,0.74,0,0,22.8,0,0,0,0.3,0.3,0.05,-0.3,-0.3
377,Ruslan Malinovskyi,Atalanta ,0,3,2,66.7,6.59,4.39,0,0,23.7,0,0,0,0.1,0.1,0.05,-0.1,-0.1
378,Wilson Manafá,Porto ,0,0,0,,0,0,,,,0,0,0,0,0,,0,0
379,Steve Mandanda,Marseille ,0,0,0,,0,0,,,,0,0,0,0,0,,0,0
380,Sadio Mané,Liverpool ,1,9,5,55.6,2.23,1.24,0.11,0.2,16.1,0,0,0,0.7,0.7,0.08,0.3,0.3
381,Faitout Maouassa,Rennes ,0,1,0,0,1.08,0,0,,28.2,0,0,0,0,0,0.01,0,0
382,Marcelo,Real Madrid,0,0,0,,0,0,,,,0,0,0,0,0,,0,0
383,Agustín Marchesín,Porto ,0,0,0,,0,0,,,,0,0,0,0,0,,0,0
384,Moussa Marega,Porto ,1,8,5,62.5,1.73,1.08,0.13,0.2,17.7,0,0,0,1.6,1.6,0.2,-0.6,-0.6
385,José María Giménez,Atlético Madrid,1,4,1,25,1.46,0.36,0.25,1,12.6,0,0,0,0.1,0.1,0.03,0.9,0.9
386,Mariano,Real Madrid,0,2,2,100,2.54,2.54,0,0,15.7,0,0,0,0.1,0.1,0.04,-0.1,-0.1
387,Guilherme Marinato,Loko Moscow,0,0,0,,0,0,,,,0,0,0,0,0,,0,0
388,João Mário Lopes,Porto ,0,1,0,0,1.08,0,0,,19.9,0,0,0,0,0,0.03,0,0
389,Yevgeni Markov,Krasnodar ,0,0,0,,0,0,,,,0,0,0,0,0,,0,0
390,Marlos,Shakhtar ,0,3,1,33.3,0.63,0.21,0,0,16.9,0,0,0,0.6,0.6,0.19,-0.6,-0.6
391,Marquinhos,Paris S-G,1,2,1,50,0.42,0.21,0.5,1,3.5,0,0,0,1.2,1.2,0.59,-0.2,-0.2
392,Anthony Martial,Manchester Utd,2,7,2,28.6,1.48,0.42,0.14,0.5,13.5,0,1,1,2,1.2,0.18,0,-0.2
393,Jonas Martin,Rennes ,0,0,0,,0,0,,,,0,0,0,0,0,,0,0
394,Javi Martínez,Bayern Munich,0,1,0,0,0.63,0,0,,6,0,0,0,0.3,0.3,0.27,-0.3,-0.3
395,Lautaro Martínez,Inter ,1,19,5,26.3,4.22,1.11,0.05,0.2,11.9,0,0,0,2.4,2.4,0.13,-1.4,-1.4
396,Lisandro Martínez,Ajax ,0,2,1,50,0.6,0.3,0,0,19.5,0,0,0,0.2,0.2,0.08,-0.2,-0.2
397,Toni Martínez,Porto ,0,3,1,33.3,3.42,1.14,0,0,18.8,0,0,0,0.1,0.1,0.04,-0.1,-0.1
398,Alyaksandr Martynovich,Krasnodar ,0,5,0,0,1,0,0,,16.5,0,0,0,0.3,0.3,0.05,-0.3,-0.3
399,Adam Maruši?,Lazio ,0,2,1,50,0.33,0.17,0,0,16.3,0,0,0,0.1,0.1,0.05,-0.1,-0.1
400,Giorgos Masouras,Olympiacos ,0,2,0,0,0.63,0,0,,19.1,0,0,0,0.3,0.3,0.15,-0.3,-0.3
401,Clinton Mata,Club Brugge,0,2,0,0,0.34,0,0,,6,0,0,0,0.3,0.3,0.16,-0.3,-0.3
402,Juan Mata,Manchester Utd,0,0,0,,0,0,,,,0,0,0,0,0,,0,0
403,Nemanja Mati?,Manchester Utd,0,1,0,0,0.41,0,0,,10,0,0,0,0,0,0.04,0,0
404,Joël Matip,Liverpool ,0,1,0,0,0.52,0,0,,10,0,0,0,0,0,0.04,0,0
405,Mykola Matviyenko,Shakhtar ,0,1,1,100,0.3,0.3,0,0,8,0,0,0,0.2,0.2,0.15,-0.2,-0.2
406,Eric Maxim Choupo-Moting,Bayern Munich,1,5,3,60,2.39,1.44,0.2,0.33,16.9,0,0,0,0.3,0.3,0.06,0.7,0.7
407,Maycon,Shakhtar ,0,2,0,0,0.49,0,0,,20.7,0,0,0,0.1,0.1,0.04,-0.1,-0.1
408,Noussair Mazraoui,Ajax ,1,9,4,44.4,1.7,0.75,0.11,0.25,22,0,0,0,0.5,0.5,0.05,0.5,0.5
409,Kylian Mbappé,Paris S-G,2,17,4,23.5,3.41,0.8,0.06,0.25,15.4,0,1,1,3.3,2.6,0.15,-1.3,-1.6
410,Chancel Mbemba,Porto ,0,0,0,,0,0,,,,0,0,0,0,0,,0,0
411,Weston McKennie,Juventus ,1,4,3,75,1.22,0.92,0.25,0.33,13.1,0,0,0,0.6,0.6,0.15,0.4,0.4
412,Scott McTominay,Manchester Utd,0,6,2,33.3,1.57,0.52,0,0,13.7,0,0,0,0.3,0.3,0.04,-0.3,-0.3
413,Brandon Mechele,Club Brugge,0,0,0,,0,0,,,,0,0,0,0,0,,0,0
414,Arthur Melo,Juventus ,0,2,0,0,0.78,0,0,,22.4,0,0,0,0.1,0.1,0.03,-0.1,-0.1
415,Benjamin Mendy,Manchester City,0,1,0,0,1.17,0,0,,27.5,0,0,0,0,0,0.02,0,0
416,Edouard Mendy,Chelsea ,0,0,0,,0,0,,,,0,0,0,0,0,,0,0
417,Ferland Mendy,Real Madrid,0,4,1,25,0.67,0.17,0,0,15,0,0,0,0.2,0.2,0.04,-0.2,-0.2
418,Lionel Messi,Barcelona ,3,25,13,52,6.25,3.25,0,0,21.5,6,3,3,4.1,1.8,0.07,-1.1,-1.8
419,Thomas Meunier,Dortmund ,0,2,0,0,0.54,0,0,,15.6,0,0,0,0.5,0.5,0.26,-0.5,-0.5
420,Simon Mignolet,Club Brugge,0,0,0,,0,0,,,,0,0,0,0,0,,0,0
421,Sergej Milinkovi?-Savi?,Lazio ,0,6,3,50,1.3,0.65,0,0,20.2,0,0,0,0.7,0.7,0.12,-0.7,-0.7
422,Éder Militão,Real Madrid,0,1,0,0,1,0,0,,28.2,0,0,0,0,0,0.02,0,0
423,James Milner,Liverpool ,0,4,0,0,1.22,0,0,,20.4,0,0,0,0.2,0.2,0.05,-0.2,-0.2
424,Takumi Minamino,Liverpool ,0,3,2,66.7,1.45,0.97,0,0,16.5,0,0,0,0.4,0.4,0.12,-0.4,-0.4
425,Óscar Mingueza,Barcelona ,0,1,0,0,0.48,0,0,,5.8,0,0,0,0,0,0.03,0,0
426,Aleksei Miranchuk,Atalanta ,1,1,1,100,5.29,5.29,1,1,17.7,0,0,0,0.1,0.1,0.07,0.9,0.9
427,Anton Miranchuk,Loko Moscow,3,5,2,40,0.98,0.39,0.2,0.5,22.1,0,2,2,2.2,0.7,0.14,0.8,0.3
428,Luka Modri?,Real Madrid,1,6,1,16.7,1.45,0.24,0.17,1,20.6,0,0,0,0.5,0.5,0.09,0.5,0.5
429,Johan Mojica,Atalanta ,0,0,0,,0,0,,,,0,0,0,0,0,,0,0
430,Júnior Moraes,Shakhtar ,0,2,1,50,1.13,0.57,0,0,17,0,0,0,0.1,0.1,0.07,-0.1,-0.1
431,Álvaro Morata,Juventus ,6,11,7,63.6,2.2,1.4,0.55,0.86,11.2,0,0,0,2.2,2.2,0.2,3.8,3.8
432,Mateu Morey,Dortmund ,0,0,0,,0,0,,,,0,0,0,0,0,,0,0
433,Andrei Mostovoy,Zenit ,0,4,0,0,1.83,0,0,,19.3,0,0,0,0.4,0.4,0.1,-0.4,-0.4
434,Youssoufa Moukoko,Dortmund ,0,0,0,,0,0,,,,0,0,0,0,0,,0,0
435,Mason Mount,Chelsea ,0,2,2,100,0.69,0.69,0,0,10.9,0,0,0,0.6,0.6,0.32,-0.6,-0.6
436,Maksim Mukhin,Loko Moscow,0,1,0,0,2,0,0,,28.5,0,0,0,0,0,0.01,0,0
437,Nordi Mukiele,RB Leipzig,1,4,2,50,0.91,0.46,0.25,0.5,13.5,0,0,0,0.3,0.3,0.07,0.7,0.7
438,Thomas Müller,Bayern Munich,1,5,2,40,1.18,0.47,0,0,17.6,0,1,1,1.2,0.4,0.08,-0.2,-0.4
439,Luis Muriel,Atalanta ,2,7,5,71.4,2.99,2.13,0.29,0.4,15.5,0,0,0,1.2,1.2,0.17,0.8,0.8
440,Vedat Muriqi,Lazio ,0,5,1,20,3.54,0.71,0,0,14,0,0,0,0.6,0.6,0.13,-0.6,-0.6
441,Leon Musayev,Zenit ,0,0,0,,0,0,,,,0,0,0,0,0,,0,0
442,Jamal Musiala,Bayern Munich,0,1,0,0,0.85,0,0,,18.6,0,0,0,0,0,0.04,0,0
443,Enoch Mwepu,RB Salzburg,0,14,7,50,2.43,1.21,0,0,17.4,0,0,0,1.6,1.6,0.12,-1.6,-1.6
444,Vitaliy Mykolenko,Dynamo Kyiv,0,1,0,0,0.25,0,0,,23.6,0,0,0,0,0,0.02,0,0
445,Nacho,Real Madrid,0,3,2,66.7,1.5,1,0,0,9.1,0,0,0,0.1,0.1,0.05,-0.1,-0.1
446,Yuto Nagatomo,Marseille ,0,0,0,,0,0,,,,0,0,0,0,0,,0,0
447,Radja Nainggolan,Inter ,0,0,0,,0,0,,,,0,0,0,0,0,,0,0
448,Shoya Nakajima,Porto ,0,1,0,0,1.23,0,0,,23.6,0,0,0,0,0,0.02,0,0
449,Jesús Navas,Sevilla ,0,2,2,100,0.64,0.64,0,0,19.6,0,0,0,0.1,0.1,0.04,-0.1,-0.1
450,Keylor Navas,Paris S-G,0,0,0,,0,0,,,,0,0,0,0,0,,0,0
451,Loum Ndiaye,Porto ,0,0,0,,0,0,,,,0,0,0,0,0,,0,0
452,David Neres,Ajax ,1,5,2,40,1.45,0.58,0.2,0.5,15.9,0,0,0,0.5,0.5,0.1,0.5,0.5
453,Ruslan Neshcheret,Dynamo Kyiv,0,0,0,,0,0,,,,0,0,0,0,0,,0,0
454,Neto,Barcelona ,0,0,0,,0,0,,,,0,0,0,0,0,,0,0
455,Manuel Neuer,Bayern Munich,0,0,0,,0,0,,,,0,0,0,0,0,,0,0
456,Florian Neuhaus,M'Gladbach ,0,10,4,40,1.74,0.69,0,0,23.1,0,0,0,0.8,0.8,0.08,-0.8,-0.8
457,Neymar,Paris S-G,6,16,10,62.5,3.75,2.34,0.31,0.5,19.9,2,1,1,3,2.3,0.14,3,2.7
458,Tokmac Nguen,Ferencváros ,1,12,3,25,2.37,0.59,0.08,0.33,21.3,0,0,0,0.9,0.9,0.07,0.1,0.1
459,M'Baye Niang,Rennes ,0,6,1,16.7,5.4,0.9,0,0,16.2,0,0,0,0.5,0.5,0.08,-0.5,-0.5
460,Saúl Ñíguez,Atlético Madrid,0,4,1,25,1.25,0.31,0,0,21.8,0,0,0,0.1,0.1,0.03,-0.1,-0.1
461,Rasmus Nissen,RB Salzburg,0,4,0,0,0.8,0,0,,15.8,0,0,0,0.2,0.2,0.05,-0.2,-0.2
462,Christopher Nkunku,RB Leipzig,1,4,3,75,0.89,0.67,0.25,0.33,18.3,0,0,0,0.2,0.2,0.05,0.8,0.8
463,Alexander Nübel,Bayern Munich,0,0,0,,0,0,,,,0,0,0,0,0,,0,0
464,Gerzino Nyamsi,Rennes ,0,4,2,50,2,1,0,0,8.9,0,0,0,0.3,0.3,0.07,-0.3,-0.3
465,Steven Nzonzi,Rennes ,0,1,0,0,0.21,0,0,,22,0,0,0,0.1,0.1,0.08,-0.1,-0.1
466,Jan Oblak,Atlético Madrid,0,0,0,,0,0,,,,0,0,0,0,0,,0,0
467,Lucas Ocampos,Sevilla ,0,10,3,30,2.3,0.69,0,0,17.2,0,0,0,0.7,0.7,0.07,-0.7,-0.7
468,Noah Okafor,RB Salzburg,0,2,1,50,3.1,1.55,0,0,14.3,0,0,0,0.2,0.2,0.12,-0.2,-0.2
469,David Okereke,Club Brugge,0,1,0,0,3.33,0,0,,20,0,0,0,0.1,0.1,0.06,-0.1,-0.1
470,Masaya Okugawa,RB Salzburg,1,2,2,100,4,4,0.5,0.5,14.6,0,0,0,0.5,0.5,0.26,0.5,0.5
471,Sérgio Oliveira,Porto ,3,4,3,75,0.81,0.61,0.25,0.33,26.5,0,2,2,1.8,0.3,0.06,1.2,0.7
472,Dani Olmo,RB Leipzig,1,6,2,33.3,1.28,0.43,0.17,0.5,18.6,0,0,0,0.4,0.4,0.06,0.6,0.6
473,Kristoffer Olsson,Krasnodar ,0,2,1,50,0.44,0.22,0,0,25,1,0,0,0.1,0.1,0.06,-0.1,-0.1
474,André Onana,Ajax ,0,0,0,,0,0,,,,0,0,0,0,0,,0,0
475,Jerome Onguene,RB Salzburg,0,0,0,,0,0,,,,0,0,0,0,0,,0,0
476,Frank Onyeka,Midtjylland ,0,5,0,0,0.89,0,0,,21,0,0,0,0.6,0.6,0.12,-0.6,-0.6
477,Willi Orban,RB Leipzig,0,1,0,0,0.3,0,0,,9,0,0,0,0.1,0.1,0.05,-0.1,-0.1
478,Divock Origi,Liverpool ,0,1,0,0,0.48,0,0,,18.8,0,0,0,0.1,0.1,0.07,-0.1,-0.1
479,Otávio,Porto ,1,2,1,50,0.44,0.22,0,0,16.9,0,1,1,0.8,0.1,0.04,0.2,-0.1
480,Berkay Özcan,Ba?ak?ehir ,0,1,0,0,0.2,0,0,,21,0,0,0,0.1,0.1,0.11,-0.1,-0.1
481,Magomed Ozdoyev,Zenit ,0,4,1,25,1.13,0.28,0,0,20.2,0,0,0,0.2,0.2,0.05,-0.2,-0.2
482,Cole Palmer,Manchester City,0,0,0,,0,0,,,,0,0,0,0,0,,0,0
483,Emerson Palmieri,Chelsea ,0,2,1,50,0.83,0.41,0,0,23.8,0,0,0,0,0,0.02,0,0
484,Kaio Pantaleão,Krasnodar ,0,3,0,0,0.52,0,0,,7.3,0,0,0,0.6,0.6,0.19,-0.6,-0.6
485,Leandro Paredes,Paris S-G,0,2,0,0,0.74,0,0,,20.3,0,0,0,0.1,0.1,0.06,-0.1,-0.1
486,Marco Parolo,Lazio ,1,3,1,33.3,1.28,0.43,0.33,1,15,0,0,0,0.3,0.3,0.08,0.7,0.7
487,Mario Pašali?,Atalanta ,0,4,3,75,2.06,1.54,0,0,15.5,0,0,0,0.6,0.6,0.15,-0.6,-0.6
488,Felix Passlack,Dortmund ,0,1,0,0,1.1,0,0,,25,0,0,0,0,0,0.02,0,0
489,Alfonso Pastor,Sevilla ,0,0,0,,0,0,,,,0,0,0,0,0,,0,0
490,Patric,Lazio ,0,1,1,100,0.24,0.24,0,0,32.6,0,0,0,0,0,0.02,0,0
491,Alan Patrick,Shakhtar ,0,1,0,0,0.56,0,0,,26.2,0,0,0,0,0,0.02,0,0
492,Giuliano de Paula,Ba?ak?ehir ,0,1,0,0,1.07,0,0,,24,0,0,0,0,0,0.02,0,0
493,Paulinho,Midtjylland ,0,1,1,100,0.19,0.19,0,0,19.7,0,0,0,0,0,0.03,0,0
494,Benjamin Pavard,Bayern Munich,0,2,1,50,0.61,0.3,0,0,24.4,0,0,0,0.1,0.1,0.04,-0.1,-0.1
495,Dimitri Payet,Marseille ,2,6,3,50,1.59,0.79,0,0,33.3,1,2,3,2.4,0.2,0.03,-0.4,-0.2
496,Pedri,Barcelona ,1,4,2,50,1.07,0.54,0.25,0.5,12.8,0,0,0,0.8,0.8,0.21,0.2,0.2
497,Timothee Pembele,Paris S-G,0,0,0,,0,0,,,,0,0,0,0,0,,0,0
498,Carlos de Pena,Dynamo Kyiv,1,6,4,66.7,1.65,1.1,0.17,0.25,21.8,0,0,0,0.8,0.8,0.13,0.2,0.2
499,Pepe,Porto ,0,0,0,,0,0,,,,0,0,0,0,0,,0,0
500,Andreas Pereira,Lazio ,0,3,1,33.3,2.62,0.87,0,0,24.5,1,0,0,0.2,0.2,0.05,-0.2,-0.2
501,Danilo Pereira,Paris S-G,0,0,0,,0,0,,,,0,0,0,0,0,,0,0
502,Ivan Periši?,Inter ,1,6,2,33.3,2.2,0.73,0.17,0.5,13.4,0,0,0,0.5,0.5,0.09,0.5,0.5
503,Matteo Pessina,Atalanta ,0,3,0,0,0.86,0,0,,17.4,0,0,0,0.3,0.3,0.1,-0.3,-0.3
504,Sergei Petrov,Krasnodar ,0,0,0,,0,0,,,,0,0,0,0,0,,0,0
505,Luca Pfeiffer,Midtjylland ,0,2,1,50,9,4.5,0,0,12.3,0,0,0,0.3,0.3,0.13,-0.3,-0.3
506,Andrea Pinamonti,Inter ,0,0,0,,0,0,,,,0,0,0,0,0,,0,0
507,Gerard Piqué,Barcelona ,1,1,1,100,0.57,0.57,1,1,9,0,0,0,0.1,0.1,0.1,0.9,0.9
508,?ukasz Piszczek,Dortmund ,1,2,2,100,0.8,0.8,0.5,0.5,6.1,0,0,0,0.6,0.6,0.28,0.4,0.4
509,Miralem Pjani?,Barcelona ,0,8,1,12.5,1.54,0.19,0,0,25,0,0,0,0.3,0.3,0.04,-0.3,-0.3
510,Alassane Pléa,M'Gladbach ,5,15,7,46.7,3.01,1.4,0.33,0.71,15.9,1,0,0,2.5,2.5,0.17,2.5,2.5
511,Paul Pogba,Manchester Utd,0,5,0,0,2.49,0,0,,23,0,0,0,0.1,0.1,0.02,-0.1,-0.1
512,Carlos Ponck,Ba?ak?ehir ,0,1,0,0,0.49,0,0,,11,0,0,0,0,0,0.04,0,0
513,Denys Popov,Dynamo Kyiv,1,1,1,100,0.22,0.22,1,1,8,0,0,0,0.1,0.1,0.08,0.9,0.9
514,Yussuf Poulsen,RB Leipzig,1,5,2,40,1.07,0.43,0.2,0.5,13.2,0,0,0,0.4,0.4,0.08,0.6,0.6
515,Danila Prokhin,Zenit ,0,0,0,,0,0,,,,0,0,0,0,0,,0,0
516,Quincy Promes,Ajax ,0,5,2,40,1.81,0.73,0,0,20,0,0,0,0.8,0.8,0.16,-0.8,-0.8
517,Riqui Puig,Barcelona ,0,3,0,0,3.51,0,0,,18,0,0,0,0.5,0.5,0.17,-0.5,-0.5
518,Christian Pulisic,Chelsea ,1,8,2,25,4.11,1.03,0.13,0.5,12.4,0,0,0,0.8,0.8,0.1,0.2,0.2
519,Andriy Pyatov,Shakhtar ,0,0,0,,0,0,,,,0,0,0,0,0,,0,0
520,Adrien Rabiot,Juventus ,0,2,1,50,0.62,0.31,0,0,21.6,0,0,0,0.1,0.1,0.03,-0.1,-0.1
521,Nemanja Radonji?,Marseille ,0,1,1,100,0.98,0.98,0,0,29,0,0,0,0,0,0.02,0,0
522,?tefan Radu,Lazio ,0,1,0,0,2,0,0,,9.5,0,0,0,0.1,0.1,0.06,-0.1,-0.1
523,Rafael,Ba?ak?ehir ,0,2,1,50,0.35,0.17,0,0,23.3,0,0,0,0.1,0.1,0.03,-0.1,-0.1
524,Rafinha,Paris S-G,0,3,2,66.7,2.21,1.48,0,0,20.1,0,0,0,0.2,0.2,0.08,-0.2,-0.2
525,Rafinha,Olympiacos ,0,1,0,0,0.17,0,0,,22.1,0,0,0,0,0,0.02,0,0
526,Slobodan Rajkovi?,Loko Moscow,0,1,0,0,0.33,0,0,,7.2,0,0,0,0.1,0.1,0.06,-0.1,-0.1
527,Ivan Rakiti?,Sevilla ,2,9,3,33.3,1.99,0.66,0.22,0.67,20.6,1,0,0,0.5,0.5,0.06,1.5,1.5
528,Yaroslav Rakitskiy,Zenit ,0,2,0,0,0.38,0,0,,28.7,0,0,0,0,0,0.02,0,0
529,André Ramalho,RB Salzburg,0,7,2,28.6,1.17,0.33,0,0,16.2,0,0,0,0.3,0.3,0.04,-0.3,-0.3
530,Cristian Ramírez,Krasnodar ,1,7,2,28.6,1.27,0.36,0.14,0.5,24.4,0,0,0,0.2,0.2,0.03,0.8,0.8
531,Sergio Ramos,Real Madrid,1,4,2,50,1.33,0.67,0.25,0.5,8.9,0,0,0,0.2,0.2,0.06,0.8,0.8
532,Aaron Ramsey,Juventus ,0,5,1,20,1.67,0.33,0,0,19.5,0,0,0,0.2,0.2,0.04,-0.2,-0.2
533,Lazar Ran?elovi?,Olympiacos ,0,2,1,50,0.76,0.38,0,0,15.4,0,0,0,0.1,0.1,0.06,-0.1,-0.1
534,Marcus Rashford,Manchester Utd,6,18,11,61.1,3.91,2.39,0.28,0.45,19.9,1,1,1,3.1,2.4,0.13,2.9,2.6
535,Pepe Reina,Lazio ,0,0,0,,0,0,,,,0,0,0,0,0,,0,0
536,Reinier,Dortmund ,0,0,0,,0,0,,,,0,0,0,0,0,,0,0
537,Karim Rekik,Sevilla ,0,1,1,100,0.41,0.41,0,0,6,0,0,0,0.6,0.6,0.57,-0.6,-0.6
538,Marco Reus,Dortmund ,0,6,2,33.3,1.57,0.52,0,0,17.6,1,0,0,0.3,0.3,0.05,-0.3,-0.3
539,Gio Reyna,Dortmund ,0,6,1,16.7,1.33,0.22,0,0,16,0,0,0,0.5,0.5,0.08,-0.5,-0.5
540,Federico Ricca,Club Brugge,0,0,0,,0,0,,,,0,0,0,0,0,,0,0
541,Chris Richards,Bayern Munich,0,0,0,,0,0,,,,0,0,0,0,0,,0,0
542,Mats Rits,Club Brugge,0,2,1,50,0.56,0.28,0,0,9,0,0,0,0.1,0.1,0.05,-0.1,-0.1
543,Sergi Roberto,Barcelona ,0,1,1,100,0.49,0.49,0,0,5.4,0,0,0,0.2,0.2,0.25,-0.2,-0.2
544,Andrew Robertson,Liverpool ,0,3,0,0,0.69,0,0,,21.5,0,0,0,0.1,0.1,0.02,-0.1,-0.1
545,Marc Roca,Bayern Munich,0,1,0,0,0.58,0,0,,27.5,0,0,0,0,0,0.01,0,0
546,Rodri,Manchester City,0,4,2,50,1,0.5,0,0,24.6,0,0,0,0.1,0.1,0.03,-0.1,-0.1
547,Gerson Rodrigues,Dynamo Kyiv,0,2,1,50,1.01,0.51,0,0,24.4,0,0,0,0.1,0.1,0.03,-0.1,-0.1
548,Pedro Rodrigues,Olympiacos ,0,0,0,,0,0,,,,0,0,0,0,0,,0,0
549,Óscar Rodríguez Arnaiz,Sevilla ,0,3,1,33.3,1.48,0.49,0,0,19.5,0,0,0,0.1,0.1,0.04,-0.1,-0.1
550,Rodrygo,Real Madrid,1,4,1,25,1.38,0.34,0.25,1,14,0,0,0,0.3,0.3,0.07,0.7,0.7
551,Cristian Romero,Atalanta ,1,4,2,50,0.81,0.4,0.25,0.5,8.5,0,0,0,0.3,0.3,0.08,0.7,0.7
552,Cristiano Ronaldo,Juventus ,4,15,6,40,3.76,1.5,0.13,0.33,19.8,2,2,2,4,2.5,0.16,0,-0.5
553,Valentin Rongier,Marseille ,0,6,0,0,1.22,0,0,,23.8,0,0,0,0.2,0.2,0.04,-0.2,-0.2
554,Marten de Roon,Atalanta ,0,1,0,0,0.31,0,0,,17,0,0,0,0.1,0.1,0.14,-0.1,-0.1
555,Antonio Rüdiger,Chelsea ,0,1,0,0,0.31,0,0,,6,0,0,0,0.1,0.1,0.09,-0.1,-0.1
556,Daniele Rugani,Rennes ,0,0,0,,0,0,,,,0,0,0,0,0,,0,0
557,Matteo Ruggeri,Atalanta ,0,1,0,0,6,0,0,,9.5,0,0,0,0,0,0.05,0,0
558,Georginio Rutter,Rennes ,1,3,1,33.3,12.86,4.29,0,0,13.4,0,1,1,1.5,0.8,0.26,-0.5,-0.8
559,Dmitrii Rybchinskii,Loko Moscow,0,2,1,50,1.15,0.58,0,0,18.3,0,0,0,0.1,0.1,0.07,-0.1,-0.1
560,Maciej Rybus,Loko Moscow,0,2,1,50,0.33,0.17,0,0,22.8,1,0,0,0.1,0.1,0.03,-0.1,-0.1
561,José Sá,Olympiacos ,0,0,0,,0,0,,,,0,0,0,0,0,,0,0
562,Marcel Sabitzer,RB Leipzig,0,10,0,0,2.33,0,0,,24.1,0,0,0,0.4,0.4,0.04,-0.4,-0.4
563,Leon Sabua,Krasnodar ,0,0,0,,0,0,,,,0,0,0,0,0,,0,0
564,Matvei Safonov,Krasnodar ,0,0,0,,0,0,,,,0,0,0,0,0,,0,0
565,Hiroki Sakai,Marseille ,0,0,0,,0,0,,,,0,0,0,0,0,,0,0
566,Mohamed Salah,Liverpool ,3,10,5,50,2.15,1.07,0.2,0.4,17.8,0,1,1,2.4,1.7,0.17,0.6,0.3
567,Romain Salin,Rennes ,0,0,0,,0,0,,,,0,0,0,0,0,,0,0
568,Alexis Sánchez,Inter ,0,4,0,0,2.95,0,0,,16.1,1,0,0,0.4,0.4,0.09,-0.4,-0.4
569,Jadon Sancho,Dortmund ,2,5,3,60,1.52,0.91,0.2,0.33,19.5,1,1,1,1.1,0.3,0.07,0.9,0.7
570,Alex Sandro,Juventus ,0,2,0,0,0.67,0,0,,12.9,0,0,0,0.1,0.1,0.06,-0.1,-0.1
571,Leroy Sané,Bayern Munich,2,9,3,33.3,3.7,1.23,0.22,0.67,17.4,0,0,0,0.7,0.7,0.08,1.3,1.3
572,Morgan Sanson,Marseille ,0,5,2,40,1.22,0.49,0,0,21.7,0,0,0,0.2,0.2,0.04,-0.2,-0.2
573,Douglas Santos,Zenit ,0,0,0,,0,0,,,,0,0,0,0,0,,0,0
574,Zaidu Sanusi,Porto ,1,7,4,57.1,1.2,0.68,0.14,0.25,11.4,0,0,0,1.3,1.3,0.24,-0.3,-0.3
575,Pablo Sarabia,Paris S-G,0,3,0,0,1.89,0,0,,12.4,0,0,0,1.1,1.1,0.36,-1.1,-1.1
576,Bouna Sarr,Bayern Munich,0,3,0,0,1.45,0,0,,26.8,0,0,0,0,0,0.02,0,0
577,Malang Sarr,Porto ,0,0,0,,0,0,,,,0,0,0,0,0,,0,0
578,Stefan Savi?,Atlético Madrid,0,2,0,0,0.33,0,0,,15.5,0,0,0,0.2,0.2,0.08,-0.2,-0.2
579,Alexander Scholz,Midtjylland ,2,3,2,66.7,0.5,0.33,0.33,0.5,22.4,0,1,1,0.9,0.1,0.04,1.1,0.9
580,Siebe Schrijvers,Club Brugge,0,1,0,0,3.46,0,0,,41,1,0,0,0.1,0.1,0.08,-0.1,-0.1
581,Nico Schulz,Dortmund ,0,1,0,0,0.76,0,0,,11.4,0,0,0,0.2,0.2,0.18,-0.2,-0.2
582,Perr Schuurs,Ajax ,0,7,1,14.3,1.25,0.18,0,0,24.6,0,0,0,0.3,0.3,0.04,-0.3,-0.3
583,Rúben Semedo,Olympiacos ,0,3,0,0,0.51,0,0,,7.3,0,0,0,0.4,0.4,0.12,-0.4,-0.4
584,Stefano Sensi,Inter ,0,0,0,,0,0,,,,0,0,0,0,0,,0,0
585,Artem Shabanov,Dynamo Kyiv,0,1,0,0,1,0,0,,8,0,0,0,0,0,0.04,0,0
586,Daniil Shamkin,Zenit ,0,0,0,,0,0,,,,0,0,0,0,0,,0,0
587,Mykola Shaparenko,Dynamo Kyiv,0,3,1,33.3,0.63,0.21,0,0,18,1,0,0,0.2,0.2,0.06,-0.2,-0.2
588,Xherdan Shaqiri,Liverpool ,0,1,0,0,0.74,0,0,,9,0,0,0,0.1,0.1,0.07,-0.1,-0.1
589,Luke Shaw,Manchester Utd,0,2,0,0,0.55,0,0,,19.3,0,0,0,0.1,0.1,0.04,-0.1,-0.1
590,Volodymyr Shepelyev,Dynamo Kyiv,0,0,0,,0,0,,,,0,0,0,0,0,,0,0
591,Dávid Sigér,Ferencváros ,0,4,0,0,0.93,0,0,,21.7,0,0,0,0.1,0.1,0.04,-0.1,-0.1
592,Bernardo Silva,Manchester City,0,6,3,50,1.41,0.71,0,0,12,0,0,0,0.6,0.6,0.1,-0.6,-0.6
593,Thiago Silva,Chelsea ,0,0,0,,0,0,,,,0,0,0,0,0,,0,0
594,Aleksandr Silyanov,Loko Moscow,0,0,0,,0,0,,,,0,0,0,0,0,,0,0
595,Pione Sisto,Midtjylland ,0,1,0,0,0.26,0,0,,28.5,0,0,0,0,0,0.02,0,0
596,Milan Škriniar,Inter ,0,2,0,0,0.67,0,0,,14.3,0,0,0,0.1,0.1,0.05,-0.1,-0.1
597,Martin Škrtel,Ba?ak?ehir ,0,0,0,,0,0,,,,0,0,0,0,0,,0,0
598,Igor Smolnikov,Krasnodar ,0,3,0,0,0.6,0,0,,26.4,0,0,0,0.1,0.1,0.02,-0.1,-0.1
599,Fyodor Smolov,Loko Moscow,0,3,2,66.7,1.36,0.91,0,0,13.3,0,0,0,0.3,0.3,0.09,-0.3,-0.3
600,Eduard Sobol,Club Brugge,0,5,0,0,1.44,0,0,,20.7,0,0,0,0.4,0.4,0.08,-0.4,-0.4
601,Manor Solomon,Shakhtar ,2,3,2,66.7,0.73,0.49,0.67,1,16.5,0,0,0,0.3,0.3,0.11,1.7,1.7
602,Somália,Ferencváros ,0,1,0,0,0.19,0,0,,12.7,0,0,0,0,0,0.04,0,0
603,Yann Sommer,M'Gladbach ,0,0,0,,0,0,,,,0,0,0,0,0,,0,0
604,Brandon Soppy,Rennes ,0,0,0,,0,0,,,,0,0,0,0,0,,0,0
605,Yegor Sorokin,Krasnodar ,0,0,0,,0,0,,,,0,0,0,0,0,,0,0
606,Hillel Soudani,Olympiacos ,0,0,0,,0,0,,,,0,0,0,0,0,,0,0
607,Eduard Spertsyan,Krasnodar ,0,1,0,0,2.25,0,0,,19.7,0,0,0,0,0,0.03,0,0
608,Marco Sportiello,Atalanta ,0,0,0,,0,0,,,,0,0,0,0,0,,0,0
609,Cican Stankovic,RB Salzburg,0,0,0,,0,0,,,,0,0,0,0,0,,0,0
610,Zack Steffen,Manchester City,0,0,0,,0,0,,,,0,0,0,0,0,,0,0
611,Taras Stepanenko,Shakhtar ,0,1,0,0,0.31,0,0,,23.8,0,0,0,0,0,0.04,0,0
612,Raheem Sterling,Manchester City,1,10,6,60,1.91,1.15,0.1,0.17,16.3,1,0,0,1.4,1.4,0.14,-0.4,-0.4
613,Angelo Stiller,Bayern Munich,0,0,0,,0,0,,,,0,0,0,0,0,,0,0
614,Lars Stindl,M'Gladbach ,2,7,2,28.6,1.65,0.47,0.14,0.5,18.3,1,1,1,1.3,0.6,0.08,0.7,0.4
615,John Stones,Manchester City,0,0,0,,0,0,,,,0,0,0,0,0,,0,0
616,Thomas Strakosha,Lazio ,0,0,0,,0,0,,,,0,0,0,0,0,,0,0
617,Kevin Strootman,Marseille ,0,0,0,,0,0,,,,0,0,0,0,0,,0,0
618,Luis Suárez,Atlético Madrid,0,7,2,28.6,2.04,0.58,0,0,12.9,0,0,0,0.5,0.5,0.08,-0.5,-0.5
619,Luka Su?i?,RB Salzburg,0,2,1,50,4.19,2.09,0,0,16.4,0,0,0,0.4,0.4,0.22,-0.4,-0.4
620,Heorhii Sudakov,Shakhtar ,0,0,0,,0,0,,,,0,0,0,0,0,,0,0
621,Niklas Süle,Bayern Munich,1,4,2,50,1,0.5,0.25,0.5,7.8,0,0,0,0.6,0.6,0.15,0.4,0.4
622,Magomed-Shapi Suleymanov,Krasnodar ,1,3,1,33.3,1.3,0.43,0.33,1,21.9,2,0,0,0.2,0.2,0.07,0.8,0.8
623,Vladyslav Supriaha,Dynamo Kyiv,0,2,1,50,0.58,0.29,0,0,9.1,0,0,0,0.6,0.6,0.28,-0.6,-0.6
624,Suso,Sevilla ,0,3,2,66.7,2.05,1.36,0,0,17.8,1,0,0,0.1,0.1,0.05,-0.1,-0.1
625,Aleksei Sutormin,Zenit ,0,2,0,0,0.73,0,0,,15.6,0,0,0,0.1,0.1,0.07,-0.1,-0.1
626,Erik Sviatchenko,Midtjylland ,0,6,2,33.3,1.2,0.4,0,0,13.5,0,0,0,0.4,0.4,0.06,-0.4,-0.4
627,Serhiy Sydorchuk,Dynamo Kyiv,0,3,2,66.7,0.76,0.51,0,0,31.4,0,0,0,0,0,0.02,0,0
628,Wojciech Szcz?sny,Juventus ,0,0,0,,0,0,,,,0,0,0,0,0,,0,0
629,Dominik Szoboszlai,RB Salzburg,2,12,5,41.7,2.14,0.89,0.17,0.4,21.6,3,0,0,1.5,1.5,0.13,0.5,0.5
630,Alexander Sørloth,RB Leipzig,1,3,1,33.3,3.91,1.3,0.33,1,13.3,0,0,0,0.2,0.2,0.07,0.8,0.8
631,Dušan Tadi?,Ajax ,2,5,2,40,0.83,0.33,0.2,0.5,15.6,1,1,1,1.3,0.6,0.11,0.7,0.4
632,Nicolás Tagliafico,Ajax ,0,2,1,50,0.35,0.18,0,0,18.2,0,0,0,0.1,0.1,0.05,-0.1,-0.1
633,Taison,Shakhtar ,0,5,2,40,1.61,0.65,0,0,22.2,1,0,0,0.4,0.4,0.08,-0.4,-0.4
634,Flavien Tait,Rennes ,0,2,1,50,4.19,2.09,0,0,12.5,0,0,0,0.3,0.3,0.13,-0.3,-0.3
635,Mehdi Taremi,Porto ,0,1,1,100,3,3,0,0,71,0,0,0,0,0,0.03,0,0
636,Mahmut Tekdemir,Ba?ak?ehir ,0,2,1,50,1.01,0.51,0,0,13.4,0,0,0,0.1,0.1,0.07,-0.1,-0.1
637,Alex Telles,Manchester Utd,0,0,0,,0,0,,,,0,0,0,0,0,,0,0
638,Marc-André ter Stegen,Barcelona ,0,0,0,,0,0,,,,0,0,0,0,0,,0,0
639,Martin Terrier,Rennes ,0,2,1,50,0.75,0.37,0,0,19.2,0,0,0,0.1,0.1,0.03,-0.1,-0.1
640,Tetê,Shakhtar ,1,13,7,53.8,2.28,1.23,0.08,0.14,19,0,0,0,1.5,1.5,0.11,-0.5,-0.5
641,Florian Thauvin,Marseille ,0,5,2,40,0.94,0.38,0,0,20.6,0,0,0,0.3,0.3,0.06,-0.3,-0.3
642,Marcus Thuram,M'Gladbach ,2,12,6,50,2.13,1.07,0.17,0.33,12.3,0,0,0,1.4,1.4,0.12,0.6,0.6
643,Jurrien Timber,Ajax ,0,0,0,,,,,,,0,0,0,0,0,,0,0
644,Corentin Tolisso,Bayern Munich,1,6,2,33.3,2.13,0.71,0.17,0.5,17.6,0,0,0,0.4,0.4,0.07,0.6,0.6
645,Rafael Tolói,Atalanta ,0,0,0,,0,0,,,,0,0,0,0,0,,0,0
646,Mehmet Topal,Ba?ak?ehir ,1,1,1,100,0.4,0.4,1,1,7,0,0,0,0.3,0.3,0.32,0.7,0.7
647,Lucas Torreira,Atlético Madrid,0,0,0,,0,0,,,,0,0,0,0,0,,0,0
648,Ferrán Torres,Manchester City,4,12,5,41.7,3.09,1.29,0.33,0.8,13.2,0,0,0,2.5,2.5,0.21,1.5,1.5
649,Óliver Torres,Sevilla ,0,1,1,100,0.38,0.38,0,0,20.2,0,0,0,0,0,0.04,0,0
650,Amad Traoré,Atalanta ,0,3,2,66.7,11.74,7.83,0,0,14.2,0,0,0,0.5,0.5,0.17,-0.5,-0.5
651,Hamari Traoré,Rennes ,0,5,0,0,0.83,0,0,,26.8,0,0,0,0.1,0.1,0.02,-0.1,-0.1
652,Ibrahima Traoré,M'Gladbach ,0,0,0,,0,0,,,,0,0,0,0,0,,0,0
653,Francisco Trincão,Barcelona ,0,10,5,50,3.04,1.52,0,0,18.1,0,0,0,1.4,1.4,0.14,-1.4,-1.4
654,Kieran Trippier,Atlético Madrid,0,0,0,,0,0,,,,0,0,0,0,0,,0,0
655,Anatolii Trubin,Shakhtar ,0,0,0,,0,0,,,,0,0,0,0,0,,0,0
656,Adrien Truffert,Rennes ,0,3,1,33.3,1.12,0.37,0,0,22.3,0,0,0,0.1,0.1,0.04,-0.1,-0.1
657,Kostas Tsimikas,Liverpool ,0,1,0,0,0.7,0,0,,10.8,0,0,0,0,0,0.04,0,0
658,Viktor Tsyhankov,Dynamo Kyiv,2,8,6,75,1.7,1.28,0.13,0.17,13.6,1,1,1,3,2.2,0.28,-1,-1.2
659,Axel Tuanzebe,Manchester Utd,0,1,0,0,0.44,0,0,,10,0,0,0,0,0,0.03,0,0
660,Deniz Turuc,Ba?ak?ehir ,1,6,3,50,1.03,0.52,0.17,0.33,18.7,3,0,0,0.5,0.5,0.08,0.5,0.5
661,Andreas Ulmer,RB Salzburg,0,9,3,33.3,1.5,0.5,0,0,20.2,0,0,0,0.3,0.3,0.03,-0.3,-0.3
662,Samuel Umtiti,Barcelona ,0,0,0,,0,0,,,,0,0,0,0,0,,0,0
663,Dayot Upamecano,RB Leipzig,0,4,2,50,0.85,0.42,0,0,15,0,0,0,0.1,0.1,0.03,-0.1,-0.1
664,Mateus Uribe,Porto ,1,3,1,33.3,0.7,0.23,0.33,1,16.7,0,0,0,0.3,0.3,0.1,0.7,0.7
665,Daniil Utkin,Krasnodar ,0,7,2,28.6,2.81,0.8,0,0,20.7,2,0,0,0.4,0.4,0.06,-0.4,-0.4
666,Myrto Uzuni,Ferencváros ,1,2,2,100,0.74,0.74,0.5,0.5,12.1,0,0,0,0.3,0.3,0.16,0.7,0.7
667,Tomáš Vaclík,Sevilla ,0,0,0,,0,0,,,,0,0,0,0,0,,0,0
668,Mathieu Valbuena,Olympiacos ,0,5,2,40,1.76,0.7,0,0,14.2,0,0,0,0.8,0.8,0.15,-0.8,-0.8
669,Albert Vallci,RB Salzburg,0,0,0,,0,0,,,,0,0,0,0,0,,0,0
670,Federico Valverde,Real Madrid,0,4,0,0,1.33,0,0,,21.5,0,0,0,0.2,0.2,0.05,-0.2,-0.2
671,Thomas Van den Keybus,Club Brugge,0,0,0,,0,0,,,,0,0,0,0,0,,0,0
672,Ignace Van Der Brempt,Club Brugge,0,0,0,,0,0,,,,0,0,0,0,0,,0,0
673,Hans Vanaken,Club Brugge,3,6,3,50,1.02,0.51,0.17,0.33,15.6,0,2,2,2,0.5,0.08,1,0.5
674,Raphaël Varane,Real Madrid,0,2,1,50,0.33,0.17,0,0,7.8,0,0,0,0.1,0.1,0.06,-0.1,-0.1
675,Franco Vázquez,Sevilla ,0,2,0,0,2,0,0,,13.6,0,0,0,0.2,0.2,0.08,-0.2,-0.2
676,Lucas Vázquez,Real Madrid,0,8,0,0,1.6,0,0,,17.2,0,0,0,1,1,0.12,-1,-1
677,Benjamin Verbi?,Dynamo Kyiv,0,4,2,50,1.25,0.63,0,0,17.8,0,0,0,0.5,0.5,0.11,-0.5,-0.5
678,Marco Verratti,Paris S-G,0,2,0,0,1.1,0,0,,19,0,0,0,0.1,0.1,0.04,-0.1,-0.1
679,Lasse Vibe,Midtjylland ,0,0,0,,0,0,,,,0,0,0,0,0,,0,0
680,Arturo Vidal,Inter ,0,4,0,0,1.26,0,0,,20.8,0,0,0,0.3,0.3,0.07,-0.3,-0.3
681,Fabio Vieira,Porto ,1,2,1,50,1.24,0.62,0.5,1,18,0,0,0,0.5,0.5,0.24,0.5,0.5
682,Tonny Vilhena,Krasnodar ,0,5,0,0,1.17,0,0,,22.3,0,0,0,0.3,0.3,0.06,-0.3,-0.3
683,Rúben Vinagre,Olympiacos ,0,0,0,,0,0,,,,0,0,0,0,0,,0,0
684,Edin Viš?a,Ba?ak?ehir ,1,19,6,31.6,4.04,1.28,0.05,0.17,20.2,1,0,0,1.4,1.4,0.07,-0.4,-0.4
685,Vitão,Shakhtar ,0,0,0,,0,0,,,,0,0,0,0,0,,0,0
686,Vitolo,Atlético Madrid,0,0,0,,0,0,,,,0,0,0,0,0,,0,0
687,Bohdan Viunnyk,Shakhtar ,0,0,0,,0,0,,,,0,0,0,0,0,,0,0
688,Ruud Vormer,Club Brugge,1,10,3,30,1.74,0.52,0.1,0.33,15.9,1,0,0,1.6,1.6,0.16,-0.6,-0.6
689,Stefan de Vrij,Inter ,0,2,0,0,0.33,0,0,,9,0,0,0,0.2,0.2,0.08,-0.2,-0.2
690,Marious Vrousai,Olympiacos ,0,3,2,66.7,1.45,0.97,0,0,18.6,0,0,0,0.1,0.1,0.03,-0.1,-0.1
691,Kyle Walker,Manchester City,0,1,1,100,0.26,0.26,0,0,25.8,0,0,0,0,0,0.01,0,0
692,Aaron Wan-Bissaka,Manchester Utd,0,0,0,,0,0,,,,0,0,0,0,0,,0,0
693,Wanderson,Krasnodar ,1,5,2,40,2.21,0.88,0.2,0.5,16.1,0,0,0,0.3,0.3,0.06,0.7,0.7
694,Wendel,Zenit ,0,3,2,66.7,1.93,1.29,0,0,25.9,0,0,0,0.1,0.1,0.03,-0.1,-0.1
695,Oscar Wendt,M'Gladbach ,1,2,1,50,0.85,0.42,0.5,1,25.9,1,0,0,0.1,0.1,0.05,0.9,0.9
696,Timo Werner,Chelsea ,3,6,3,50,1.41,0.71,0,0,18.8,0,3,3,3.8,1.3,0.21,-0.8,-1.3
697,Georginio Wijnaldum,Liverpool ,0,4,1,25,0.98,0.25,0,0,20.5,0,0,0,0.5,0.5,0.12,-0.5,-0.5
698,Brandon Williams,Manchester Utd,0,0,0,,0,0,,,,0,0,0,0,0,,0,0
699,Neco Williams,Liverpool ,0,2,0,0,0.95,0,0,,17.6,0,0,0,0.1,0.1,0.06,-0.1,-0.1
700,Rhys Williams,Liverpool ,0,0,0,,0,0,,,,0,0,0,0,0,,0,0
701,Axel Witsel,Dortmund ,1,4,2,50,0.99,0.5,0.25,0.5,21.3,0,0,0,0.2,0.2,0.04,0.8,0.8
702,Maximilian Wöber,RB Salzburg,0,4,0,0,0.7,0,0,,20.2,0,0,0,0.1,0.1,0.02,-0.1,-0.1
703,Hannes Wolf,M'Gladbach ,0,0,0,,0,0,,,,0,0,0,0,0,,0,0
704,Ashley Young,Inter ,0,3,0,0,0.65,0,0,,20.8,0,0,0,0.1,0.1,0.03,-0.1,-0.1
705,Illia Zabarnyi,Dynamo Kyiv,0,3,0,0,0.5,0,0,,8.7,0,0,0,0.2,0.2,0.06,-0.2,-0.2
706,Dan-Axel Zagadou,Dortmund ,0,0,0,,0,0,,,,0,0,0,0,0,,0,0
707,Denis Zakaria,M'Gladbach ,0,1,0,0,0.8,0,0,,30.1,0,0,0,0,0,0.01,0,0
708,Duván Zapata,Atalanta ,3,21,10,47.6,4.22,2.01,0.14,0.3,13.8,0,0,0,3.7,3.7,0.18,-0.7,-0.7
709,Rifat Zhemaletdinov,Loko Moscow,0,3,1,33.3,2.6,0.87,0,0,15.4,0,0,0,0.5,0.5,0.15,-0.5,-0.5
710,Yuri Zhirkov,Zenit ,0,2,0,0,1.08,0,0,,24.7,0,0,0,0.1,0.1,0.04,-0.1,-0.1
711,Dmitri Zhivoglyadov,Loko Moscow,0,1,0,0,0.17,0,0,,12.2,0,0,0,0.1,0.1,0.05,-0.1,-0.1
712,Oleksandr Zinchenko,Manchester City,0,3,1,33.3,1.04,0.35,0,0,27.7,1,0,0,0.1,0.1,0.03,-0.1,-0.1
713,Joshua Zirkzee,Bayern Munich,0,0,0,,0,0,,,,0,0,0,0,0,,0,0
714,Hakim Ziyech,Chelsea ,1,7,4,57.1,2.84,1.62,0.14,0.25,16.5,0,0,0,0.8,0.8,0.12,0.2,0.2
715,Kurt Zouma,Chelsea ,0,1,1,100,0.25,0.25,0,0,11,0,0,0,0,0,0.04,0,0
716,Oleksandr Zubkov,Ferencváros ,0,8,0,0,1.86,0,0,,21.8,0,0,0,0.4,0.4,0.05,-0.4,-0.4
717,Martin Ødegaard,Real Madrid,0,2,2,100,1.35,1.35,0,0,20.5,0,0,0,0.1,0.1,0.04,-0.1,-0.1
